id,subject,fold,model,cls,metric,value
SR007-CL1-4300-4364,SR007,1,3D,fas,dice,0.9270257353782654
SR007-CL1-4300-4364,SR007,1,3D,fas,surface_dice,0.7879652976989746
SR007-CL1-4300-4364,SR007,1,3D,fas,asd_um,18.873823142051698
SR007-CL1-4300-4364,SR007,1,3D,epi,dice,0.9680657386779784
SR007-CL1-4300-4364,SR007,1,3D,epi,surface_dice,0.8612985014915466
SR007-CL1-4300-4364,SR007,1,3D,epi,asd_um,10.56418833732605
SR007-CL1-4300-4364,SR007,1,2D,fas,dice,0.9045549631118774
SR007-CL1-4300-4364,SR007,1,2D,fas,surface_dice,0.6957373023033142
SR007-CL1-4300-4364,SR007,1,2D,fas,asd_um,71.28692092895508
SR007-CL1-4300-4364,SR007,1,2D,epi,dice,0.95853590965271
SR007-CL1-4300-4364,SR007,1,2D,epi,surface_dice,0.7972514629364014
SR007-CL1-4300-4364,SR007,1,2D,epi,asd_um,22.435990190505983
SR007-CL1-5700-5764,SR007,1,3D,fas,dice,0.9513062238693236
SR007-CL1-5700-5764,SR007,1,3D,fas,surface_dice,0.8328381180763245
SR007-CL1-5700-5764,SR007,1,3D,fas,asd_um,131.4712423324585
SR007-CL1-5700-5764,SR007,1,3D,epi,dice,0.9454258680343628
SR007-CL1-5700-5764,SR007,1,3D,epi,surface_dice,0.8580277562141418
SR007-CL1-5700-5764,SR007,1,3D,epi,asd_um,19.607039523124694
SR007-CL1-5700-5764,SR007,1,2D,fas,dice,0.9404931664466858
SR007-CL1-5700-5764,SR007,1,2D,fas,surface_dice,0.7732735872268677
SR007-CL1-5700-5764,SR007,1,2D,fas,asd_um,433.01804809570314
SR007-CL1-5700-5764,SR007,1,2D,epi,dice,0.9349052906036376
SR007-CL1-5700-5764,SR007,1,2D,epi,surface_dice,0.8077989220619202
SR007-CL1-5700-5764,SR007,1,2D,epi,asd_um,37.638739871978764
SR007-CL2-2610-2674,SR007,1,3D,fas,dice,0.9482526779174804
SR007-CL2-2610-2674,SR007,1,3D,fas,surface_dice,0.9053322672843932
SR007-CL2-2610-2674,SR007,1,3D,fas,asd_um,10.110670280456544
SR007-CL2-2610-2674,SR007,1,3D,epi,dice,0.9583191871643066
SR007-CL2-2610-2674,SR007,1,3D,epi,surface_dice,0.939587652683258
SR007-CL2-2610-2674,SR007,1,3D,epi,asd_um,8.114750111103058
SR007-CL2-2610-2674,SR007,1,2D,fas,dice,0.9249838590621948
SR007-CL2-2610-2674,SR007,1,2D,fas,surface_dice,0.8044031858444214
SR007-CL2-2610-2674,SR007,1,2D,fas,asd_um,17.354657649993896
SR007-CL2-2610-2674,SR007,1,2D,epi,dice,0.9472600221633912
SR007-CL2-2610-2674,SR007,1,2D,epi,surface_dice,0.8996863961219788
SR007-CL2-2610-2674,SR007,1,2D,epi,asd_um,17.33514668941498
SR007-CL2-3900-3964,SR007,1,3D,fas,dice,0.94190114736557
SR007-CL2-3900-3964,SR007,1,3D,fas,surface_dice,0.9091660380363464
SR007-CL2-3900-3964,SR007,1,3D,fas,asd_um,10.48163537979126
SR007-CL2-3900-3964,SR007,1,3D,epi,dice,0.9532711505889891
SR007-CL2-3900-3964,SR007,1,3D,epi,surface_dice,0.9409552812576294
SR007-CL2-3900-3964,SR007,1,3D,epi,asd_um,8.421277534961702
SR007-CL2-3900-3964,SR007,1,2D,fas,dice,0.9301976561546326
SR007-CL2-3900-3964,SR007,1,2D,fas,surface_dice,0.8571200370788574
SR007-CL2-3900-3964,SR007,1,2D,fas,asd_um,16.466261386871338
SR007-CL2-3900-3964,SR007,1,2D,epi,dice,0.9430361986160278
SR007-CL2-3900-3964,SR007,1,2D,epi,surface_dice,0.9165001511573792
SR007-CL2-3900-3964,SR007,1,2D,epi,asd_um,10.294053196907043
SR007-CL2-440-504,SR007,1,3D,fas,dice,0.894274115562439
SR007-CL2-440-504,SR007,1,3D,fas,surface_dice,0.7696553468704224
SR007-CL2-440-504,SR007,1,3D,fas,asd_um,46.95809984207153
SR007-CL2-440-504,SR007,1,3D,epi,dice,0.8228551745414734
SR007-CL2-440-504,SR007,1,3D,epi,surface_dice,0.6705971956253052
SR007-CL2-440-504,SR007,1,3D,epi,asd_um,39.77446231842041
SR007-CL2-440-504,SR007,1,2D,fas,dice,0.9321978092193604
SR007-CL2-440-504,SR007,1,2D,fas,surface_dice,0.7895046472549438
SR007-CL2-440-504,SR007,1,2D,fas,asd_um,22.71776776313782
SR007-CL2-440-504,SR007,1,2D,epi,dice,0.8071125745773315
SR007-CL2-440-504,SR007,1,2D,epi,surface_dice,0.6498832106590271
SR007-CL2-440-504,SR007,1,2D,epi,asd_um,289.9119186401367
SR007-CL2-7230-7294,SR007,1,3D,fas,dice,0.9478620290756226
SR007-CL2-7230-7294,SR007,1,3D,fas,surface_dice,0.901194155216217
SR007-CL2-7230-7294,SR007,1,3D,fas,asd_um,11.170631039142611
SR007-CL2-7230-7294,SR007,1,3D,epi,dice,0.954340398311615
SR007-CL2-7230-7294,SR007,1,3D,epi,surface_dice,0.9359183311462402
SR007-CL2-7230-7294,SR007,1,3D,epi,asd_um,9.384303188323974
SR007-CL2-7230-7294,SR007,1,2D,fas,dice,0.9458343982696532
SR007-CL2-7230-7294,SR007,1,2D,fas,surface_dice,0.8840569257736206
SR007-CL2-7230-7294,SR007,1,2D,fas,asd_um,11.802041029930114
SR007-CL2-7230-7294,SR007,1,2D,epi,dice,0.9421461820602416
SR007-CL2-7230-7294,SR007,1,2D,epi,surface_dice,0.9056590795516968
SR007-CL2-7230-7294,SR007,1,2D,epi,asd_um,11.53217632770538
SR007-CL3-1040-1104,SR007,1,3D,fas,dice,0.961244523525238
SR007-CL3-1040-1104,SR007,1,3D,fas,surface_dice,0.923771321773529
SR007-CL3-1040-1104,SR007,1,3D,fas,asd_um,9.573560321331025
SR007-CL3-1040-1104,SR007,1,3D,epi,dice,0.92971009016037
SR007-CL3-1040-1104,SR007,1,3D,epi,surface_dice,0.9034841656684875
SR007-CL3-1040-1104,SR007,1,3D,epi,asd_um,106.82249965667725
SR007-CL3-1040-1104,SR007,1,2D,fas,dice,0.9457128047943116
SR007-CL3-1040-1104,SR007,1,2D,fas,surface_dice,0.8309873938560486
SR007-CL3-1040-1104,SR007,1,2D,fas,asd_um,13.26573543548584
SR007-CL3-1040-1104,SR007,1,2D,epi,dice,0.9203029274940492
SR007-CL3-1040-1104,SR007,1,2D,epi,surface_dice,0.8572418093681335
SR007-CL3-1040-1104,SR007,1,2D,epi,asd_um,116.85475101470948
SR007-CR1-2630-2694,SR007,1,3D,fas,dice,0.9369925856590272
SR007-CR1-2630-2694,SR007,1,3D,fas,surface_dice,0.7958995699882507
SR007-CR1-2630-2694,SR007,1,3D,fas,asd_um,18.226335668563845
SR007-CR1-2630-2694,SR007,1,3D,epi,dice,0.9725821614265442
SR007-CR1-2630-2694,SR007,1,3D,epi,surface_dice,0.8662567734718323
SR007-CR1-2630-2694,SR007,1,3D,epi,asd_um,10.018471240997314
SR007-CR1-2630-2694,SR007,1,2D,fas,dice,0.7854433655738831
SR007-CR1-2630-2694,SR007,1,2D,fas,surface_dice,0.425051748752594
SR007-CR1-2630-2694,SR007,1,2D,fas,asd_um,568.0620643615723
SR007-CR1-2630-2694,SR007,1,2D,epi,dice,0.9266562461853028
SR007-CR1-2630-2694,SR007,1,2D,epi,surface_dice,0.6682001948356628
SR007-CR1-2630-2694,SR007,1,2D,epi,asd_um,60.17155237197876
SR007-CR1-3600-3664,SR007,1,3D,fas,dice,0.9499973654747008
SR007-CR1-3600-3664,SR007,1,3D,fas,surface_dice,0.8311984539031982
SR007-CR1-3600-3664,SR007,1,3D,fas,asd_um,13.836577463150025
SR007-CR1-3600-3664,SR007,1,3D,epi,dice,0.9657166004180908
SR007-CR1-3600-3664,SR007,1,3D,epi,surface_dice,0.881405234336853
SR007-CR1-3600-3664,SR007,1,3D,epi,asd_um,10.030483996868133
SR007-CR1-3600-3664,SR007,1,2D,fas,dice,0.9359192848205566
SR007-CR1-3600-3664,SR007,1,2D,fas,surface_dice,0.7565127611160278
SR007-CR1-3600-3664,SR007,1,2D,fas,asd_um,43.39235186576844
SR007-CR1-3600-3664,SR007,1,2D,epi,dice,0.9414016604423524
SR007-CR1-3600-3664,SR007,1,2D,epi,surface_dice,0.8015347123146057
SR007-CR1-3600-3664,SR007,1,2D,epi,asd_um,22.058825397491454
SR007-CR1-4670-4734,SR007,1,3D,fas,dice,0.932866632938385
SR007-CR1-4670-4734,SR007,1,3D,fas,surface_dice,0.7870086431503296
SR007-CR1-4670-4734,SR007,1,3D,fas,asd_um,34.04216465950012
SR007-CR1-4670-4734,SR007,1,3D,epi,dice,0.9478828310966492
SR007-CR1-4670-4734,SR007,1,3D,epi,surface_dice,0.8544204831123352
SR007-CR1-4670-4734,SR007,1,3D,epi,asd_um,18.676486158370974
SR007-CR1-4670-4734,SR007,1,2D,fas,dice,0.927852749824524
SR007-CR1-4670-4734,SR007,1,2D,fas,surface_dice,0.7779842615127563
SR007-CR1-4670-4734,SR007,1,2D,fas,asd_um,38.391305494308476
SR007-CR1-4670-4734,SR007,1,2D,epi,dice,0.9423786997795104
SR007-CR1-4670-4734,SR007,1,2D,epi,surface_dice,0.838016152381897
SR007-CR1-4670-4734,SR007,1,2D,epi,asd_um,20.092413568496706
SR007-CR1-5470-5534,SR007,1,3D,fas,dice,0.9468567371368408
SR007-CR1-5470-5534,SR007,1,3D,fas,surface_dice,0.8688219785690308
SR007-CR1-5470-5534,SR007,1,3D,fas,asd_um,12.620497083663938
SR007-CR1-5470-5534,SR007,1,3D,epi,dice,0.9423186779022216
SR007-CR1-5470-5534,SR007,1,3D,epi,surface_dice,0.8771791458129883
SR007-CR1-5470-5534,SR007,1,3D,epi,asd_um,11.545680570602418
SR007-CR1-5470-5534,SR007,1,2D,fas,dice,0.9283037781715392
SR007-CR1-5470-5534,SR007,1,2D,fas,surface_dice,0.7609506845474243
SR007-CR1-5470-5534,SR007,1,2D,fas,asd_um,20.53289759159088
SR007-CR1-5470-5534,SR007,1,2D,epi,dice,0.9294840693473816
SR007-CR1-5470-5534,SR007,1,2D,epi,surface_dice,0.8121142983436584
SR007-CR1-5470-5534,SR007,1,2D,epi,asd_um,14.876351165771485
SR007-CR2-3970-4034,SR007,1,3D,fas,dice,0.951366364955902
SR007-CR2-3970-4034,SR007,1,3D,fas,surface_dice,0.8617920875549316
SR007-CR2-3970-4034,SR007,1,3D,fas,asd_um,11.033342885971068
SR007-CR2-3970-4034,SR007,1,3D,epi,dice,0.9291773438453674
SR007-CR2-3970-4034,SR007,1,3D,epi,surface_dice,0.8462361097335815
SR007-CR2-3970-4034,SR007,1,3D,epi,asd_um,27.69979648590088
SR007-CR2-3970-4034,SR007,1,2D,fas,dice,0.9413414001464844
SR007-CR2-3970-4034,SR007,1,2D,fas,surface_dice,0.8065439462661743
SR007-CR2-3970-4034,SR007,1,2D,fas,asd_um,66.74279279708863
SR007-CR2-3970-4034,SR007,1,2D,epi,dice,0.9212673902511596
SR007-CR2-3970-4034,SR007,1,2D,epi,surface_dice,0.8232855200767517
SR007-CR2-3970-4034,SR007,1,2D,epi,asd_um,55.51571016311646
SR007-CR2-520-584,SR007,1,3D,fas,dice,0.9566011428833008
SR007-CR2-520-584,SR007,1,3D,fas,surface_dice,0.885619580745697
SR007-CR2-520-584,SR007,1,3D,fas,asd_um,10.855163526535033
SR007-CR2-520-584,SR007,1,3D,epi,dice,0.9400069117546082
SR007-CR2-520-584,SR007,1,3D,epi,surface_dice,0.8731080293655396
SR007-CR2-520-584,SR007,1,3D,epi,asd_um,133.5943914413452
SR007-CR2-520-584,SR007,1,2D,fas,dice,0.958349883556366
SR007-CR2-520-584,SR007,1,2D,fas,surface_dice,0.8752104640007019
SR007-CR2-520-584,SR007,1,2D,fas,asd_um,10.72544016838074
SR007-CR2-520-584,SR007,1,2D,epi,dice,0.9373957514762878
SR007-CR2-520-584,SR007,1,2D,epi,surface_dice,0.8541041612625122
SR007-CR2-520-584,SR007,1,2D,epi,asd_um,18.428967261314394
SR007-CR2-7675-7739,SR007,1,3D,fas,dice,0.954804003238678
SR007-CR2-7675-7739,SR007,1,3D,fas,surface_dice,0.8743908405303955
SR007-CR2-7675-7739,SR007,1,3D,fas,asd_um,11.714144539833066
SR007-CR2-7675-7739,SR007,1,3D,epi,dice,0.8564437627792358
SR007-CR2-7675-7739,SR007,1,3D,epi,surface_dice,0.722332239151001
SR007-CR2-7675-7739,SR007,1,3D,epi,asd_um,50.00135307312012
SR007-CR2-7675-7739,SR007,1,2D,fas,dice,0.945098340511322
SR007-CR2-7675-7739,SR007,1,2D,fas,surface_dice,0.8412225842475891
SR007-CR2-7675-7739,SR007,1,2D,fas,asd_um,17.582166838645936
SR007-CR2-7675-7739,SR007,1,2D,epi,dice,0.869209349155426
SR007-CR2-7675-7739,SR007,1,2D,epi,surface_dice,0.7246496081352234
SR007-CR2-7675-7739,SR007,1,2D,epi,asd_um,46.739569473266606
SR007-TL1-3150-3214,SR007,1,3D,fas,dice,0.9580096006393432
SR007-TL1-3150-3214,SR007,1,3D,fas,surface_dice,0.828410267829895
SR007-TL1-3150-3214,SR007,1,3D,fas,asd_um,17.690805530548097
SR007-TL1-3150-3214,SR007,1,3D,epi,dice,0.9271785616874696
SR007-TL1-3150-3214,SR007,1,3D,epi,surface_dice,0.7486035227775574
SR007-TL1-3150-3214,SR007,1,3D,epi,asd_um,15.733834576606752
SR007-TL1-3150-3214,SR007,1,2D,fas,dice,0.9444026947021484
SR007-TL1-3150-3214,SR007,1,2D,fas,surface_dice,0.7442826628684998
SR007-TL1-3150-3214,SR007,1,2D,fas,asd_um,21.29233832359314
SR007-TL1-3150-3214,SR007,1,2D,epi,dice,0.9215040802955629
SR007-TL1-3150-3214,SR007,1,2D,epi,surface_dice,0.7815179228782654
SR007-TL1-3150-3214,SR007,1,2D,epi,asd_um,30.90566053390503
SR007-TL1-370-434,SR007,1,3D,fas,dice,0.9413855075836182
SR007-TL1-370-434,SR007,1,3D,fas,surface_dice,0.8638921976089478
SR007-TL1-370-434,SR007,1,3D,fas,asd_um,12.837347745895386
SR007-TL1-370-434,SR007,1,3D,epi,dice,0.7462596297264099
SR007-TL1-370-434,SR007,1,3D,epi,surface_dice,0.6488592624664307
SR007-TL1-370-434,SR007,1,3D,epi,asd_um,179.94898738861082
SR007-TL1-370-434,SR007,1,2D,fas,dice,0.936129868030548
SR007-TL1-370-434,SR007,1,2D,fas,surface_dice,0.8355008363723755
SR007-TL1-370-434,SR007,1,2D,fas,asd_um,14.243593740463258
SR007-TL1-370-434,SR007,1,2D,epi,dice,0.7990703582763672
SR007-TL1-370-434,SR007,1,2D,epi,surface_dice,0.5875427722930908
SR007-TL1-370-434,SR007,1,2D,epi,asd_um,239.52815780639648
SR007-TL1-4680-4744,SR007,1,3D,fas,dice,0.9523733258247375
SR007-TL1-4680-4744,SR007,1,3D,fas,surface_dice,0.886916995048523
SR007-TL1-4680-4744,SR007,1,3D,fas,asd_um,29.09068865776062
SR007-TL1-4680-4744,SR007,1,3D,epi,dice,0.960691213607788
SR007-TL1-4680-4744,SR007,1,3D,epi,surface_dice,0.9104617834091188
SR007-TL1-4680-4744,SR007,1,3D,epi,asd_um,10.437037539482118
SR007-TL1-4680-4744,SR007,1,2D,fas,dice,0.9376844167709352
SR007-TL1-4680-4744,SR007,1,2D,fas,surface_dice,0.829473614692688
SR007-TL1-4680-4744,SR007,1,2D,fas,asd_um,35.57239365577698
SR007-TL1-4680-4744,SR007,1,2D,epi,dice,0.9476200938224792
SR007-TL1-4680-4744,SR007,1,2D,epi,surface_dice,0.8640353679656982
SR007-TL1-4680-4744,SR007,1,2D,epi,asd_um,25.564065885543823
SR007-TL2-2216-2280,SR007,1,3D,fas,dice,0.8806626200675964
SR007-TL2-2216-2280,SR007,1,3D,fas,surface_dice,0.8338060975074768
SR007-TL2-2216-2280,SR007,1,3D,fas,asd_um,133.89765186309816
SR007-TL2-2216-2280,SR007,1,3D,epi,dice,0.957488477230072
SR007-TL2-2216-2280,SR007,1,3D,epi,surface_dice,0.87091463804245
SR007-TL2-2216-2280,SR007,1,3D,epi,asd_um,151.46343612670898
SR007-TL2-2216-2280,SR007,1,2D,fas,dice,0.7939813733100891
SR007-TL2-2216-2280,SR007,1,2D,fas,surface_dice,0.6483238935470581
SR007-TL2-2216-2280,SR007,1,2D,fas,asd_um,107.2051139831543
SR007-TL2-2216-2280,SR007,1,2D,epi,dice,0.9538195133209229
SR007-TL2-2216-2280,SR007,1,2D,epi,surface_dice,0.8455688953399658
SR007-TL2-2216-2280,SR007,1,2D,epi,asd_um,120.22871074676515
SR007-TR1-2760-2824,SR007,1,3D,fas,dice,0.9195140600204468
SR007-TR1-2760-2824,SR007,1,3D,fas,surface_dice,0.8343871831893921
SR007-TR1-2760-2824,SR007,1,3D,fas,asd_um,28.709194135665893
SR007-TR1-2760-2824,SR007,1,3D,epi,dice,0.9516302943229676
SR007-TR1-2760-2824,SR007,1,3D,epi,surface_dice,0.7892069220542908
SR007-TR1-2760-2824,SR007,1,3D,epi,asd_um,16.681507086753847
SR007-TR1-2760-2824,SR007,1,2D,fas,dice,0.9077826738357544
SR007-TR1-2760-2824,SR007,1,2D,fas,surface_dice,0.7887906432151794
SR007-TR1-2760-2824,SR007,1,2D,fas,asd_um,53.695152854919435
SR007-TR1-2760-2824,SR007,1,2D,epi,dice,0.9512690901756288
SR007-TR1-2760-2824,SR007,1,2D,epi,surface_dice,0.8090470433235168
SR007-TR1-2760-2824,SR007,1,2D,epi,asd_um,21.21776669025421
SR007-TR1-5340-5404,SR007,1,3D,fas,dice,0.8188326358795166
SR007-TR1-5340-5404,SR007,1,3D,fas,surface_dice,0.6624575257301331
SR007-TR1-5340-5404,SR007,1,3D,fas,asd_um,37.9281033039093
SR007-TR1-5340-5404,SR007,1,3D,epi,dice,0.9381726980209352
SR007-TR1-5340-5404,SR007,1,3D,epi,surface_dice,0.8502095341682434
SR007-TR1-5340-5404,SR007,1,3D,epi,asd_um,16.368735122680665
SR007-TR1-5340-5404,SR007,1,2D,fas,dice,0.8322876691818237
SR007-TR1-5340-5404,SR007,1,2D,fas,surface_dice,0.7006811499595642
SR007-TR1-5340-5404,SR007,1,2D,fas,asd_um,33.79861807823181
SR007-TR1-5340-5404,SR007,1,2D,epi,dice,0.9265785217285156
SR007-TR1-5340-5404,SR007,1,2D,epi,surface_dice,0.837736964225769
SR007-TR1-5340-5404,SR007,1,2D,epi,asd_um,19.23041968345642
SR008-CL1-5080-5144,SR008,2,3D,fas,dice,0.9422271847724916
SR008-CL1-5080-5144,SR008,2,3D,fas,surface_dice,0.8601454496383667
SR008-CL1-5080-5144,SR008,2,3D,fas,asd_um,14.370923924446107
SR008-CL1-5080-5144,SR008,2,3D,epi,dice,0.9309082627296448
SR008-CL1-5080-5144,SR008,2,3D,epi,surface_dice,0.869999349117279
SR008-CL1-5080-5144,SR008,2,3D,epi,asd_um,20.742243933677674
SR008-CL1-5080-5144,SR008,2,2D,fas,dice,0.9390414953231812
SR008-CL1-5080-5144,SR008,2,2D,fas,surface_dice,0.8304550051689148
SR008-CL1-5080-5144,SR008,2,2D,fas,asd_um,18.787204098701476
SR008-CL1-5080-5144,SR008,2,2D,epi,dice,0.9178906083106996
SR008-CL1-5080-5144,SR008,2,2D,epi,surface_dice,0.8271707892417908
SR008-CL1-5080-5144,SR008,2,2D,epi,asd_um,17.254215002059937
SR008-CL2-1890-1954,SR008,2,3D,fas,dice,0.967004418373108
SR008-CL2-1890-1954,SR008,2,3D,fas,surface_dice,0.9530615210533142
SR008-CL2-1890-1954,SR008,2,3D,fas,asd_um,7.40137084722519
SR008-CL2-1890-1954,SR008,2,3D,epi,dice,0.9716857671737672
SR008-CL2-1890-1954,SR008,2,3D,epi,surface_dice,0.9733907580375672
SR008-CL2-1890-1954,SR008,2,3D,epi,asd_um,6.850721991062165
SR008-CL2-1890-1954,SR008,2,2D,fas,dice,0.9576830863952636
SR008-CL2-1890-1954,SR008,2,2D,fas,surface_dice,0.9171910881996156
SR008-CL2-1890-1954,SR008,2,2D,fas,asd_um,10.009932053089143
SR008-CL2-1890-1954,SR008,2,2D,epi,dice,0.9730851650238036
SR008-CL2-1890-1954,SR008,2,2D,epi,surface_dice,0.9602981805801392
SR008-CL2-1890-1954,SR008,2,2D,epi,asd_um,7.8660298705101015
SR008-CL2-5300-5364,SR008,2,3D,fas,dice,0.949791669845581
SR008-CL2-5300-5364,SR008,2,3D,fas,surface_dice,0.9394432306289672
SR008-CL2-5300-5364,SR008,2,3D,fas,asd_um,8.481225121021271
SR008-CL2-5300-5364,SR008,2,3D,epi,dice,0.9670026302337646
SR008-CL2-5300-5364,SR008,2,3D,epi,surface_dice,0.928205668926239
SR008-CL2-5300-5364,SR008,2,3D,epi,asd_um,7.953909373283387
SR008-CL2-5300-5364,SR008,2,2D,fas,dice,0.9304391145706176
SR008-CL2-5300-5364,SR008,2,2D,fas,surface_dice,0.8849267363548279
SR008-CL2-5300-5364,SR008,2,2D,fas,asd_um,11.065045988559724
SR008-CL2-5300-5364,SR008,2,2D,epi,dice,0.955859899520874
SR008-CL2-5300-5364,SR008,2,2D,epi,surface_dice,0.894260048866272
SR008-CL2-5300-5364,SR008,2,2D,epi,asd_um,15.062654542922976
SR008-CL2-6030-6094,SR008,2,3D,fas,dice,0.9384436011314392
SR008-CL2-6030-6094,SR008,2,3D,fas,surface_dice,0.9505900740623474
SR008-CL2-6030-6094,SR008,2,3D,fas,asd_um,8.652231073379516
SR008-CL2-6030-6094,SR008,2,3D,epi,dice,0.969359278678894
SR008-CL2-6030-6094,SR008,2,3D,epi,surface_dice,0.9714148044586182
SR008-CL2-6030-6094,SR008,2,3D,epi,asd_um,6.211217880249023
SR008-CL2-6030-6094,SR008,2,2D,fas,dice,0.92125701904296875
SR008-CL2-6030-6094,SR008,2,2D,fas,surface_dice,0.8916676044464111
SR008-CL2-6030-6094,SR008,2,2D,fas,asd_um,11.495158910751343
SR008-CL2-6030-6094,SR008,2,2D,epi,dice,0.9590054154396056
SR008-CL2-6030-6094,SR008,2,2D,epi,surface_dice,0.9389823079109192
SR008-CL2-6030-6094,SR008,2,2D,epi,asd_um,8.527359974384309
SR008-CL2-6350-6414,SR008,2,3D,fas,dice,0.9368116855621338
SR008-CL2-6350-6414,SR008,2,3D,fas,surface_dice,0.8866329789161682
SR008-CL2-6350-6414,SR008,2,3D,fas,asd_um,10.587154519557954
SR008-CL2-6350-6414,SR008,2,3D,epi,dice,0.9566370844841005
SR008-CL2-6350-6414,SR008,2,3D,epi,surface_dice,0.9393562078475952
SR008-CL2-6350-6414,SR008,2,3D,epi,asd_um,7.79231983423233
SR008-CL2-6350-6414,SR008,2,2D,fas,dice,0.9160732626914978
SR008-CL2-6350-6414,SR008,2,2D,fas,surface_dice,0.8097796440124512
SR008-CL2-6350-6414,SR008,2,2D,fas,asd_um,15.049155735969544
SR008-CL2-6350-6414,SR008,2,2D,epi,dice,0.9450793266296388
SR008-CL2-6350-6414,SR008,2,2D,epi,surface_dice,0.899179220199585
SR008-CL2-6350-6414,SR008,2,2D,epi,asd_um,10.37942944765091
SR008-CL2-7900-7964,SR008,2,3D,fas,dice,0.958212435245514
SR008-CL2-7900-7964,SR008,2,3D,fas,surface_dice,0.982239544391632
SR008-CL2-7900-7964,SR008,2,3D,fas,asd_um,6.334788429737091
SR008-CL2-7900-7964,SR008,2,3D,epi,dice,0.9204336404800416
SR008-CL2-7900-7964,SR008,2,3D,epi,surface_dice,0.8207176923751831
SR008-CL2-7900-7964,SR008,2,3D,epi,asd_um,21.6451229095459
SR008-CL2-7900-7964,SR008,2,2D,fas,dice,0.953597605228424
SR008-CL2-7900-7964,SR008,2,2D,fas,surface_dice,0.9707934260368348
SR008-CL2-7900-7964,SR008,2,2D,fas,asd_um,6.819771766662598
SR008-CL2-7900-7964,SR008,2,2D,epi,dice,0.8380792140960693
SR008-CL2-7900-7964,SR008,2,2D,epi,surface_dice,0.6636114716529846
SR008-CL2-7900-7964,SR008,2,2D,epi,asd_um,78.88953924179077
SR008-CR1-4800-4864,SR008,2,3D,fas,dice,0.948329508304596
SR008-CR1-4800-4864,SR008,2,3D,fas,surface_dice,0.8765133023262024
SR008-CR1-4800-4864,SR008,2,3D,fas,asd_um,45.14952878952027
SR008-CR1-4800-4864,SR008,2,3D,epi,dice,0.975794792175293
SR008-CR1-4800-4864,SR008,2,3D,epi,surface_dice,0.9038167595863342
SR008-CR1-4800-4864,SR008,2,3D,epi,asd_um,8.99501895904541
SR008-CR1-4800-4864,SR008,2,2D,fas,dice,0.9316756129264832
SR008-CR1-4800-4864,SR008,2,2D,fas,surface_dice,0.7641765475273132
SR008-CR1-4800-4864,SR008,2,2D,fas,asd_um,498.73338775634767
SR008-CR1-4800-4864,SR008,2,2D,epi,dice,0.9717888236045836
SR008-CR1-4800-4864,SR008,2,2D,epi,surface_dice,0.8548401594161987
SR008-CR1-4800-4864,SR008,2,2D,epi,asd_um,16.138938760757448
SR008-CR1-6480-6544,SR008,2,3D,fas,dice,0.9678557515144348
SR008-CR1-6480-6544,SR008,2,3D,fas,surface_dice,0.9001996517181396
SR008-CR1-6480-6544,SR008,2,3D,fas,asd_um,10.543632316589354
SR008-CR1-6480-6544,SR008,2,3D,epi,dice,0.958054780960083
SR008-CR1-6480-6544,SR008,2,3D,epi,surface_dice,0.8686817288398743
SR008-CR1-6480-6544,SR008,2,3D,epi,asd_um,10.550061678886413
SR008-CR1-6480-6544,SR008,2,2D,fas,dice,0.9676053524017334
SR008-CR1-6480-6544,SR008,2,2D,fas,surface_dice,0.8986020088195801
SR008-CR1-6480-6544,SR008,2,2D,fas,asd_um,11.781211853027344
SR008-CR1-6480-6544,SR008,2,2D,epi,dice,0.9619516730308532
SR008-CR1-6480-6544,SR008,2,2D,epi,surface_dice,0.8962382674217224
SR008-CR1-6480-6544,SR008,2,2D,epi,asd_um,10.764340460300446
SR008-CR1-7620-7684,SR008,2,3D,fas,dice,0.9527227878570556
SR008-CR1-7620-7684,SR008,2,3D,fas,surface_dice,0.8847424387931824
SR008-CR1-7620-7684,SR008,2,3D,fas,asd_um,11.150236737728118
SR008-CR1-7620-7684,SR008,2,3D,epi,dice,0.922505021095276
SR008-CR1-7620-7684,SR008,2,3D,epi,surface_dice,0.8263533115386963
SR008-CR1-7620-7684,SR008,2,3D,epi,asd_um,19.784274387359616
SR008-CR1-7620-7684,SR008,2,2D,fas,dice,0.9502406120300292
SR008-CR1-7620-7684,SR008,2,2D,fas,surface_dice,0.8637489080429077
SR008-CR1-7620-7684,SR008,2,2D,fas,asd_um,11.568000555038456
SR008-CR1-7620-7684,SR008,2,2D,epi,dice,0.949858784675598
SR008-CR1-7620-7684,SR008,2,2D,epi,surface_dice,0.8431003093719482
SR008-CR1-7620-7684,SR008,2,2D,epi,asd_um,19.879204988479614
SR008-CR1-7760-7824,SR008,2,3D,fas,dice,0.965789258480072
SR008-CR1-7760-7824,SR008,2,3D,fas,surface_dice,0.9021974205970764
SR008-CR1-7760-7824,SR008,2,3D,fas,asd_um,91.13363256454468
SR008-CR1-7760-7824,SR008,2,3D,epi,dice,0.8722905516624451
SR008-CR1-7760-7824,SR008,2,3D,epi,surface_dice,0.7301568388938904
SR008-CR1-7760-7824,SR008,2,3D,epi,asd_um,188.2782772064209
SR008-CR1-7760-7824,SR008,2,2D,fas,dice,0.9630940556526184
SR008-CR1-7760-7824,SR008,2,2D,fas,surface_dice,0.8872084021568298
SR008-CR1-7760-7824,SR008,2,2D,fas,asd_um,134.08551807403566
SR008-CR1-7760-7824,SR008,2,2D,epi,dice,0.9087745547294616
SR008-CR1-7760-7824,SR008,2,2D,epi,surface_dice,0.7522304058074951
SR008-CR1-7760-7824,SR008,2,2D,epi,asd_um,199.28090972900392
SR008-CR2-640-704,SR008,2,3D,fas,dice,0.9641592502593994
SR008-CR2-640-704,SR008,2,3D,fas,surface_dice,0.981353998184204
SR008-CR2-640-704,SR008,2,3D,fas,asd_um,6.629134583473205
SR008-CR2-640-704,SR008,2,3D,epi,dice,0.9328165054321288
SR008-CR2-640-704,SR008,2,3D,epi,surface_dice,0.9209706783294678
SR008-CR2-640-704,SR008,2,3D,epi,asd_um,41.88679933547973
SR008-CR2-640-704,SR008,2,2D,fas,dice,0.9540302753448486
SR008-CR2-640-704,SR008,2,2D,fas,surface_dice,0.95199716091156
SR008-CR2-640-704,SR008,2,2D,fas,asd_um,8.333211851119996
SR008-CR2-640-704,SR008,2,2D,epi,dice,0.9204088449478148
SR008-CR2-640-704,SR008,2,2D,epi,surface_dice,0.8589311242103577
SR008-CR2-640-704,SR008,2,2D,epi,asd_um,98.8219539642334
SR008-TL1-1160-1224,SR008,2,3D,fas,dice,0.96259206533432
SR008-TL1-1160-1224,SR008,2,3D,fas,surface_dice,0.9665623903274536
SR008-TL1-1160-1224,SR008,2,3D,fas,asd_um,7.014756345748902
SR008-TL1-1160-1224,SR008,2,3D,epi,dice,0.9770811796188354
SR008-TL1-1160-1224,SR008,2,3D,epi,surface_dice,0.9814313054084778
SR008-TL1-1160-1224,SR008,2,3D,epi,asd_um,5.308091229200364
SR008-TL1-1160-1224,SR008,2,2D,fas,dice,0.9526344537734984
SR008-TL1-1160-1224,SR008,2,2D,fas,surface_dice,0.93871009349823
SR008-TL1-1160-1224,SR008,2,2D,fas,asd_um,8.615209579467773
SR008-TL1-1160-1224,SR008,2,2D,epi,dice,0.9701921939849854
SR008-TL1-1160-1224,SR008,2,2D,epi,surface_dice,0.9673364162445068
SR008-TL1-1160-1224,SR008,2,2D,epi,asd_um,11.31447833776474
SR008-TL1-1879-1943,SR008,2,3D,fas,dice,0.9515714645385742
SR008-TL1-1879-1943,SR008,2,3D,fas,surface_dice,0.9593228697776794
SR008-TL1-1879-1943,SR008,2,3D,fas,asd_um,9.20490210056305
SR008-TL1-1879-1943,SR008,2,3D,epi,dice,0.8943506479263306
SR008-TL1-1879-1943,SR008,2,3D,epi,surface_dice,0.7804848551750183
SR008-TL1-1879-1943,SR008,2,3D,epi,asd_um,29.105710887908938
SR008-TL1-1879-1943,SR008,2,2D,fas,dice,0.9351156949996948
SR008-TL1-1879-1943,SR008,2,2D,fas,surface_dice,0.9133592247962952
SR008-TL1-1879-1943,SR008,2,2D,fas,asd_um,11.667406296730041
SR008-TL1-1879-1943,SR008,2,2D,epi,dice,0.8754274845123291
SR008-TL1-1879-1943,SR008,2,2D,epi,surface_dice,0.7874972820281982
SR008-TL1-1879-1943,SR008,2,2D,epi,asd_um,377.24591903686525
SR008-TL1-240-304,SR008,2,3D,fas,dice,0.9666218161582948
SR008-TL1-240-304,SR008,2,3D,fas,surface_dice,0.9550841450691224
SR008-TL1-240-304,SR008,2,3D,fas,asd_um,7.04631267786026
SR008-TL1-240-304,SR008,2,3D,epi,dice,0.8095148205757141
SR008-TL1-240-304,SR008,2,3D,epi,surface_dice,0.6866421103477478
SR008-TL1-240-304,SR008,2,3D,epi,asd_um,166.51649894714353
SR008-TL1-240-304,SR008,2,2D,fas,dice,0.9553953409194946
SR008-TL1-240-304,SR008,2,2D,fas,surface_dice,0.9219883680343628
SR008-TL1-240-304,SR008,2,2D,fas,asd_um,37.38796620368958
SR008-TL1-240-304,SR008,2,2D,epi,dice,0.95272296667099
SR008-TL1-240-304,SR008,2,2D,epi,surface_dice,0.8598047494888306
SR008-TL1-240-304,SR008,2,2D,epi,asd_um,16.405161380767822
SR008-TL1-800-864,SR008,2,3D,fas,dice,0.9603334069252014
SR008-TL1-800-864,SR008,2,3D,fas,surface_dice,0.9588990211486816
SR008-TL1-800-864,SR008,2,3D,fas,asd_um,7.2140550255775455
SR008-TL1-800-864,SR008,2,3D,epi,dice,0.9760599732398988
SR008-TL1-800-864,SR008,2,3D,epi,surface_dice,0.9806923866271972
SR008-TL1-800-864,SR008,2,3D,epi,asd_um,5.103951501846314
SR008-TL1-800-864,SR008,2,2D,fas,dice,0.9523763060569764
SR008-TL1-800-864,SR008,2,2D,fas,surface_dice,0.941870093345642
SR008-TL1-800-864,SR008,2,2D,fas,asd_um,8.409505319595338
SR008-TL1-800-864,SR008,2,2D,epi,dice,0.9570913314819336
SR008-TL1-800-864,SR008,2,2D,epi,surface_dice,0.9122577905654908
SR008-TL1-800-864,SR008,2,2D,epi,asd_um,828.0308486938477
SR008-TR1-1210-1274,SR008,2,3D,fas,dice,0.876018762588501
SR008-TR1-1210-1274,SR008,2,3D,fas,surface_dice,0.729515790939331
SR008-TR1-1210-1274,SR008,2,3D,fas,asd_um,22.453169131278994
SR008-TR1-1210-1274,SR008,2,3D,epi,dice,0.917500138282776
SR008-TR1-1210-1274,SR008,2,3D,epi,surface_dice,0.844743013381958
SR008-TR1-1210-1274,SR008,2,3D,epi,asd_um,14.62683999538422
SR008-TR1-1210-1274,SR008,2,2D,fas,dice,0.8522226810455322
SR008-TR1-1210-1274,SR008,2,2D,fas,surface_dice,0.6666498184204102
SR008-TR1-1210-1274,SR008,2,2D,fas,asd_um,25.22136769294739
SR008-TR1-1210-1274,SR008,2,2D,epi,dice,0.9021695852279664
SR008-TR1-1210-1274,SR008,2,2D,epi,surface_dice,0.8016498684883118
SR008-TR1-1210-1274,SR008,2,2D,epi,asd_um,16.430817675590514
SR008-TR1-1430-1494,SR008,2,3D,fas,dice,0.9577709436416626
SR008-TR1-1430-1494,SR008,2,3D,fas,surface_dice,0.9353726506233216
SR008-TR1-1430-1494,SR008,2,3D,fas,asd_um,8.074044406414032
SR008-TR1-1430-1494,SR008,2,3D,epi,dice,0.9539948105812072
SR008-TR1-1430-1494,SR008,2,3D,epi,surface_dice,0.9536574482917786
SR008-TR1-1430-1494,SR008,2,3D,epi,asd_um,7.808015441894532
SR008-TR1-1430-1494,SR008,2,2D,fas,dice,0.9434202909469604
SR008-TR1-1430-1494,SR008,2,2D,fas,surface_dice,0.8787958025932312
SR008-TR1-1430-1494,SR008,2,2D,fas,asd_um,159.13989086151125
SR008-TR1-1430-1494,SR008,2,2D,epi,dice,0.7511314749717712
SR008-TR1-1430-1494,SR008,2,2D,epi,surface_dice,0.6629297137260437
SR008-TR1-1430-1494,SR008,2,2D,epi,asd_um,3463.9158142089846
SR008-TR1-1760-1824,SR008,2,3D,fas,dice,0.917888641357422
SR008-TR1-1760-1824,SR008,2,3D,fas,surface_dice,0.8472082018852234
SR008-TR1-1760-1824,SR008,2,3D,fas,asd_um,14.661783599853516
SR008-TR1-1760-1824,SR008,2,3D,epi,dice,0.9381393194198608
SR008-TR1-1760-1824,SR008,2,3D,epi,surface_dice,0.8823315501213074
SR008-TR1-1760-1824,SR008,2,3D,epi,asd_um,12.9898273229599
SR008-TR1-1760-1824,SR008,2,2D,fas,dice,0.9133495688438416
SR008-TR1-1760-1824,SR008,2,2D,fas,surface_dice,0.8279356956481934
SR008-TR1-1760-1824,SR008,2,2D,fas,asd_um,14.715395593643189
SR008-TR1-1760-1824,SR008,2,2D,epi,dice,0.9329727292060852
SR008-TR1-1760-1824,SR008,2,2D,epi,surface_dice,0.8522142171859741
SR008-TR1-1760-1824,SR008,2,2D,epi,asd_um,52.3157060623169
SR008-TR1-2060-2124,SR008,2,3D,fas,dice,0.9515749216079712
SR008-TR1-2060-2124,SR008,2,3D,fas,surface_dice,0.9496630430221558
SR008-TR1-2060-2124,SR008,2,3D,fas,asd_um,7.968508279323578
SR008-TR1-2060-2124,SR008,2,3D,epi,dice,0.9598143100738524
SR008-TR1-2060-2124,SR008,2,3D,epi,surface_dice,0.9211529493331908
SR008-TR1-2060-2124,SR008,2,3D,epi,asd_um,23.825430965423585
SR008-TR1-2060-2124,SR008,2,2D,fas,dice,0.94647479057312
SR008-TR1-2060-2124,SR008,2,2D,fas,surface_dice,0.940576434135437
SR008-TR1-2060-2124,SR008,2,2D,fas,asd_um,10.328184127807617
SR008-TR1-2060-2124,SR008,2,2D,epi,dice,0.9535230994224548
SR008-TR1-2060-2124,SR008,2,2D,epi,surface_dice,0.9019423127174376
SR008-TR1-2060-2124,SR008,2,2D,epi,asd_um,30.66664209365845
SR008-TR1-670-734,SR008,2,3D,fas,dice,0.9123376607894896
SR008-TR1-670-734,SR008,2,3D,fas,surface_dice,0.8509792685508728
SR008-TR1-670-734,SR008,2,3D,fas,asd_um,13.819287085533142
SR008-TR1-670-734,SR008,2,3D,epi,dice,0.9516822695732116
SR008-TR1-670-734,SR008,2,3D,epi,surface_dice,0.9166021943092346
SR008-TR1-670-734,SR008,2,3D,epi,asd_um,9.380542874336243
SR008-TR1-670-734,SR008,2,2D,fas,dice,0.899732232093811
SR008-TR1-670-734,SR008,2,2D,fas,surface_dice,0.8203606605529785
SR008-TR1-670-734,SR008,2,2D,fas,asd_um,14.176606607437135
SR008-TR1-670-734,SR008,2,2D,epi,dice,0.9382787942886353
SR008-TR1-670-734,SR008,2,2D,epi,surface_dice,0.8828992247581482
SR008-TR1-670-734,SR008,2,2D,epi,asd_um,11.32259827852249
SR009-CL1-3900-3964,SR009,3,3D,fas,dice,0.8754314184188843
SR009-CL1-3900-3964,SR009,3,3D,fas,surface_dice,0.6425069570541382
SR009-CL1-3900-3964,SR009,3,3D,fas,asd_um,91.7858642578125
SR009-CL1-3900-3964,SR009,3,3D,epi,dice,0.9546145796775818
SR009-CL1-3900-3964,SR009,3,3D,epi,surface_dice,0.829718291759491
SR009-CL1-3900-3964,SR009,3,3D,epi,asd_um,35.555207920074466
SR009-CL1-3900-3964,SR009,3,2D,fas,dice,0.8420788049697876
SR009-CL1-3900-3964,SR009,3,2D,fas,surface_dice,0.4961923360824585
SR009-CL1-3900-3964,SR009,3,2D,fas,asd_um,219.0844654083252
SR009-CL1-3900-3964,SR009,3,2D,epi,dice,0.9513170719146729
SR009-CL1-3900-3964,SR009,3,2D,epi,surface_dice,0.7728447914123535
SR009-CL1-3900-3964,SR009,3,2D,epi,asd_um,86.22851428985597
SR009-CL1-4400-4464,SR009,3,3D,fas,dice,0.9117242693901062
SR009-CL1-4400-4464,SR009,3,3D,fas,surface_dice,0.7244276404380798
SR009-CL1-4400-4464,SR009,3,3D,fas,asd_um,38.18602523803711
SR009-CL1-4400-4464,SR009,3,3D,epi,dice,0.9505992531776428
SR009-CL1-4400-4464,SR009,3,3D,epi,surface_dice,0.8640965223312378
SR009-CL1-4400-4464,SR009,3,3D,epi,asd_um,15.059717774391174
SR009-CL1-4400-4464,SR009,3,2D,fas,dice,0.9147767424583436
SR009-CL1-4400-4464,SR009,3,2D,fas,surface_dice,0.7042380571365356
SR009-CL1-4400-4464,SR009,3,2D,fas,asd_um,32.22002549171448
SR009-CL1-4400-4464,SR009,3,2D,epi,dice,0.9488797783851624
SR009-CL1-4400-4464,SR009,3,2D,epi,surface_dice,0.8526314496994019
SR009-CL1-4400-4464,SR009,3,2D,epi,asd_um,16.254895591735842
SR009-CL1-5380-5444,SR009,3,3D,fas,dice,0.961743950843811
SR009-CL1-5380-5444,SR009,3,3D,fas,surface_dice,0.8300595879554749
SR009-CL1-5380-5444,SR009,3,3D,fas,asd_um,77.53396711349488
SR009-CL1-5380-5444,SR009,3,3D,epi,dice,0.9720708727836608
SR009-CL1-5380-5444,SR009,3,3D,epi,surface_dice,0.908599615097046
SR009-CL1-5380-5444,SR009,3,3D,epi,asd_um,8.603230118751526
SR009-CL1-5380-5444,SR009,3,2D,fas,dice,0.9253304600715636
SR009-CL1-5380-5444,SR009,3,2D,fas,surface_dice,0.6868520975112915
SR009-CL1-5380-5444,SR009,3,2D,fas,asd_um,150.61899490356447
SR009-CL1-5380-5444,SR009,3,2D,epi,dice,0.9556389451026917
SR009-CL1-5380-5444,SR009,3,2D,epi,surface_dice,0.826038122177124
SR009-CL1-5380-5444,SR009,3,2D,epi,asd_um,49.32558374404908
SR009-CL1-6980-7044,SR009,3,3D,fas,dice,0.9418431520462036
SR009-CL1-6980-7044,SR009,3,3D,fas,surface_dice,0.77375030517578125
SR009-CL1-6980-7044,SR009,3,3D,fas,asd_um,67.9398419380188
SR009-CL1-6980-7044,SR009,3,3D,epi,dice,0.892279863357544
SR009-CL1-6980-7044,SR009,3,3D,epi,surface_dice,0.7527679800987244
SR009-CL1-6980-7044,SR009,3,3D,epi,asd_um,138.1835563659668
SR009-CL1-6980-7044,SR009,3,2D,fas,dice,0.8878441452980042
SR009-CL1-6980-7044,SR009,3,2D,fas,surface_dice,0.5766603350639343
SR009-CL1-6980-7044,SR009,3,2D,fas,asd_um,105.7397575378418
SR009-CL1-6980-7044,SR009,3,2D,epi,dice,0.8339568972587585
SR009-CL1-6980-7044,SR009,3,2D,epi,surface_dice,0.59919273853302
SR009-CL1-6980-7044,SR009,3,2D,epi,asd_um,203.7010711669922
SR009-CL2-2000-2064,SR009,3,3D,fas,dice,0.9242988228797911
SR009-CL2-2000-2064,SR009,3,3D,fas,surface_dice,0.8267755508422852
SR009-CL2-2000-2064,SR009,3,3D,fas,asd_um,14.392806315422058
SR009-CL2-2000-2064,SR009,3,3D,epi,dice,0.9550732374191284
SR009-CL2-2000-2064,SR009,3,3D,epi,surface_dice,0.8860558867454529
SR009-CL2-2000-2064,SR009,3,3D,epi,asd_um,12.07358136177063
SR009-CL2-2000-2064,SR009,3,2D,fas,dice,0.9034870266914368
SR009-CL2-2000-2064,SR009,3,2D,fas,surface_dice,0.767069935798645
SR009-CL2-2000-2064,SR009,3,2D,fas,asd_um,19.018829655647277
SR009-CL2-2000-2064,SR009,3,2D,epi,dice,0.950272500514984
SR009-CL2-2000-2064,SR009,3,2D,epi,surface_dice,0.8637872338294983
SR009-CL2-2000-2064,SR009,3,2D,epi,asd_um,13.950986409187319
SR009-CL2-3128-3192,SR009,3,3D,fas,dice,0.9266156554222108
SR009-CL2-3128-3192,SR009,3,3D,fas,surface_dice,0.8277031779289246
SR009-CL2-3128-3192,SR009,3,3D,fas,asd_um,13.063711309432984
SR009-CL2-3128-3192,SR009,3,3D,epi,dice,0.9592964053153992
SR009-CL2-3128-3192,SR009,3,3D,epi,surface_dice,0.9125432968139648
SR009-CL2-3128-3192,SR009,3,3D,epi,asd_um,9.376431941986084
SR009-CL2-3128-3192,SR009,3,2D,fas,dice,0.8969906568527222
SR009-CL2-3128-3192,SR009,3,2D,fas,surface_dice,0.7408555150032043
SR009-CL2-3128-3192,SR009,3,2D,fas,asd_um,18.563498711586
SR009-CL2-3128-3192,SR009,3,2D,epi,dice,0.9496137499809264
SR009-CL2-3128-3192,SR009,3,2D,epi,surface_dice,0.8711461424827576
SR009-CL2-3128-3192,SR009,3,2D,epi,asd_um,11.374020946025848
SR009-CL2-6610-6674,SR009,3,3D,fas,dice,0.9221521019935608
SR009-CL2-6610-6674,SR009,3,3D,fas,surface_dice,0.8582461476325989
SR009-CL2-6610-6674,SR009,3,3D,fas,asd_um,13.282426500320435
SR009-CL2-6610-6674,SR009,3,3D,epi,dice,0.9618090391159058
SR009-CL2-6610-6674,SR009,3,3D,epi,surface_dice,0.9286027550697328
SR009-CL2-6610-6674,SR009,3,3D,epi,asd_um,9.072016382217408
SR009-CL2-6610-6674,SR009,3,2D,fas,dice,0.8745664358139038
SR009-CL2-6610-6674,SR009,3,2D,fas,surface_dice,0.7234514951705933
SR009-CL2-6610-6674,SR009,3,2D,fas,asd_um,20.584914135932923
SR009-CL2-6610-6674,SR009,3,2D,epi,dice,0.950166404247284
SR009-CL2-6610-6674,SR009,3,2D,epi,surface_dice,0.8698218464851379
SR009-CL2-6610-6674,SR009,3,2D,epi,asd_um,11.876671099662783
SR009-CL2-7170-7234,SR009,3,3D,fas,dice,0.9270774722099304
SR009-CL2-7170-7234,SR009,3,3D,fas,surface_dice,0.8691410422325134
SR009-CL2-7170-7234,SR009,3,3D,fas,asd_um,19.254159808158875
SR009-CL2-7170-7234,SR009,3,3D,epi,dice,0.9652937054634094
SR009-CL2-7170-7234,SR009,3,3D,epi,surface_dice,0.9379237294197084
SR009-CL2-7170-7234,SR009,3,3D,epi,asd_um,9.451322257518768
SR009-CL2-7170-7234,SR009,3,2D,fas,dice,0.911612629890442
SR009-CL2-7170-7234,SR009,3,2D,fas,surface_dice,0.8215377926826477
SR009-CL2-7170-7234,SR009,3,2D,fas,asd_um,20.47300980091095
SR009-CL2-7170-7234,SR009,3,2D,epi,dice,0.964191198348999
SR009-CL2-7170-7234,SR009,3,2D,epi,surface_dice,0.9227507710456848
SR009-CL2-7170-7234,SR009,3,2D,epi,asd_um,9.772297739982605
SR009-CL2-910-974,SR009,3,3D,fas,dice,0.972693920135498
SR009-CL2-910-974,SR009,3,3D,fas,surface_dice,0.8377442955970764
SR009-CL2-910-974,SR009,3,3D,fas,asd_um,27.279739379882812
SR009-CL2-910-974,SR009,3,3D,epi,dice,0.9630300998687744
SR009-CL2-910-974,SR009,3,3D,epi,surface_dice,0.8560595512390137
SR009-CL2-910-974,SR009,3,3D,epi,asd_um,13.951619696617128
SR009-CL2-910-974,SR009,3,2D,fas,dice,0.9711528420448304
SR009-CL2-910-974,SR009,3,2D,fas,surface_dice,0.8291913866996765
SR009-CL2-910-974,SR009,3,2D,fas,asd_um,30.93729500770569
SR009-CL2-910-974,SR009,3,2D,epi,dice,0.9629507660865784
SR009-CL2-910-974,SR009,3,2D,epi,surface_dice,0.8562625050544739
SR009-CL2-910-974,SR009,3,2D,epi,asd_um,12.768680906295774
SR009-CR1-3890-3954,SR009,3,3D,fas,dice,0.925666093826294
SR009-CR1-3890-3954,SR009,3,3D,fas,surface_dice,0.7002550959587097
SR009-CR1-3890-3954,SR009,3,3D,fas,asd_um,339.8318630218506
SR009-CR1-3890-3954,SR009,3,3D,epi,dice,0.9760639667510986
SR009-CR1-3890-3954,SR009,3,3D,epi,surface_dice,0.8622542023658752
SR009-CR1-3890-3954,SR009,3,3D,epi,asd_um,24.983431005477907
SR009-CR1-3890-3954,SR009,3,2D,fas,dice,0.6676546335220337
SR009-CR1-3890-3954,SR009,3,2D,fas,surface_dice,0.2154823392629623
SR009-CR1-3890-3954,SR009,3,2D,fas,asd_um,1940.8106872558594
SR009-CR1-3890-3954,SR009,3,2D,epi,dice,0.9540714025497437
SR009-CR1-3890-3954,SR009,3,2D,epi,surface_dice,0.6687115430831909
SR009-CR1-3890-3954,SR009,3,2D,epi,asd_um,64.60468397140504
SR009-CR1-7400-7464,SR009,3,3D,fas,dice,0.9668615460395812
SR009-CR1-7400-7464,SR009,3,3D,fas,surface_dice,0.8476104736328125
SR009-CR1-7400-7464,SR009,3,3D,fas,asd_um,18.09380328655243
SR009-CR1-7400-7464,SR009,3,3D,epi,dice,0.9355032444000244
SR009-CR1-7400-7464,SR009,3,3D,epi,surface_dice,0.7705175280570984
SR009-CR1-7400-7464,SR009,3,3D,epi,asd_um,47.743957901000975
SR009-CR1-7400-7464,SR009,3,2D,fas,dice,0.9267123937606812
SR009-CR1-7400-7464,SR009,3,2D,fas,surface_dice,0.6422742009162903
SR009-CR1-7400-7464,SR009,3,2D,fas,asd_um,57.186740970611574
SR009-CR1-7400-7464,SR009,3,2D,epi,dice,0.8862539529800415
SR009-CR1-7400-7464,SR009,3,2D,epi,surface_dice,0.6371785998344421
SR009-CR1-7400-7464,SR009,3,2D,epi,asd_um,218.83112869262695
SR009-CR2-1990-2054,SR009,3,3D,fas,dice,0.9271917939186096
SR009-CR2-1990-2054,SR009,3,3D,fas,surface_dice,0.8170638680458069
SR009-CR2-1990-2054,SR009,3,3D,fas,asd_um,14.375783658027649
SR009-CR2-1990-2054,SR009,3,3D,epi,dice,0.9552266597747804
SR009-CR2-1990-2054,SR009,3,3D,epi,surface_dice,0.8915095925331116
SR009-CR2-1990-2054,SR009,3,3D,epi,asd_um,10.344667267799377
SR009-CR2-1990-2054,SR009,3,2D,fas,dice,0.90117609500885
SR009-CR2-1990-2054,SR009,3,2D,fas,surface_dice,0.743641197681427
SR009-CR2-1990-2054,SR009,3,2D,fas,asd_um,18.220354771614076
SR009-CR2-1990-2054,SR009,3,2D,epi,dice,0.9472379088401794
SR009-CR2-1990-2054,SR009,3,2D,epi,surface_dice,0.8644643425941467
SR009-CR2-1990-2054,SR009,3,2D,epi,asd_um,11.792548513412475
SR009-CR3-1300-1364,SR009,3,3D,fas,dice,0.8975675106048584
SR009-CR3-1300-1364,SR009,3,3D,fas,surface_dice,0.7306969165802002
SR009-CR3-1300-1364,SR009,3,3D,fas,asd_um,30.385595655441286
SR009-CR3-1300-1364,SR009,3,3D,epi,dice,0.939415156841278
SR009-CR3-1300-1364,SR009,3,3D,epi,surface_dice,0.8108510971069336
SR009-CR3-1300-1364,SR009,3,3D,epi,asd_um,15.343317747116089
SR009-CR3-1300-1364,SR009,3,2D,fas,dice,0.8623404502868652
SR009-CR3-1300-1364,SR009,3,2D,fas,surface_dice,0.6767396926879883
SR009-CR3-1300-1364,SR009,3,2D,fas,asd_um,34.87814211845398
SR009-CR3-1300-1364,SR009,3,2D,epi,dice,0.9191231727600098
SR009-CR3-1300-1364,SR009,3,2D,epi,surface_dice,0.7943124771118164
SR009-CR3-1300-1364,SR009,3,2D,epi,asd_um,18.407726311683653
SR009-CR3-2100-2164,SR009,3,3D,fas,dice,0.862687349319458
SR009-CR3-2100-2164,SR009,3,3D,fas,surface_dice,0.7090269923210144
SR009-CR3-2100-2164,SR009,3,3D,fas,asd_um,21.9965824842453
SR009-CR3-2100-2164,SR009,3,3D,epi,dice,0.9476237297058104
SR009-CR3-2100-2164,SR009,3,3D,epi,surface_dice,0.8346736431121826
SR009-CR3-2100-2164,SR009,3,3D,epi,asd_um,15.474223423004151
SR009-CR3-2100-2164,SR009,3,2D,fas,dice,0.8174605369567871
SR009-CR3-2100-2164,SR009,3,2D,fas,surface_dice,0.6326918601989746
SR009-CR3-2100-2164,SR009,3,2D,fas,asd_um,28.522738552093507
SR009-CR3-2100-2164,SR009,3,2D,epi,dice,0.9419020414352416
SR009-CR3-2100-2164,SR009,3,2D,epi,surface_dice,0.8032452464103699
SR009-CR3-2100-2164,SR009,3,2D,epi,asd_um,18.68275787830353
SR009-CR3-800-864,SR009,3,3D,fas,dice,0.916589856147766
SR009-CR3-800-864,SR009,3,3D,fas,surface_dice,0.8083025813102722
SR009-CR3-800-864,SR009,3,3D,fas,asd_um,14.09917838573456
SR009-CR3-800-864,SR009,3,3D,epi,dice,0.9539502263069152
SR009-CR3-800-864,SR009,3,3D,epi,surface_dice,0.8642989993095398
SR009-CR3-800-864,SR009,3,3D,epi,asd_um,11.22597370147705
SR009-CR3-800-864,SR009,3,2D,fas,dice,0.8618359565734863
SR009-CR3-800-864,SR009,3,2D,fas,surface_dice,0.6701682806015015
SR009-CR3-800-864,SR009,3,2D,fas,asd_um,23.10101809501648
SR009-CR3-800-864,SR009,3,2D,epi,dice,0.9318702220916748
SR009-CR3-800-864,SR009,3,2D,epi,surface_dice,0.7916530966758728
SR009-CR3-800-864,SR009,3,2D,epi,asd_um,16.05272333621979
SR009-TL1-4050-4114,SR009,3,3D,fas,dice,0.9089931845664978
SR009-TL1-4050-4114,SR009,3,3D,fas,surface_dice,0.788244903087616
SR009-TL1-4050-4114,SR009,3,3D,fas,asd_um,15.015408039093018
SR009-TL1-4050-4114,SR009,3,3D,epi,dice,0.9590389132499696
SR009-TL1-4050-4114,SR009,3,3D,epi,surface_dice,0.8865869045257568
SR009-TL1-4050-4114,SR009,3,3D,epi,asd_um,10.802449822425842
SR009-TL1-4050-4114,SR009,3,2D,fas,dice,0.8882623314857483
SR009-TL1-4050-4114,SR009,3,2D,fas,surface_dice,0.7442110776901245
SR009-TL1-4050-4114,SR009,3,2D,fas,asd_um,18.60800278186798
SR009-TL1-4050-4114,SR009,3,2D,epi,dice,0.9547754526138306
SR009-TL1-4050-4114,SR009,3,2D,epi,surface_dice,0.8713201284408569
SR009-TL1-4050-4114,SR009,3,2D,epi,asd_um,11.896960759162903
SR009-TL1-4520-4584,SR009,3,3D,fas,dice,0.8778857588768005
SR009-TL1-4520-4584,SR009,3,3D,fas,surface_dice,0.6982185244560242
SR009-TL1-4520-4584,SR009,3,3D,fas,asd_um,20.952916646003725
SR009-TL1-4520-4584,SR009,3,3D,epi,dice,0.958739936351776
SR009-TL1-4520-4584,SR009,3,3D,epi,surface_dice,0.8545446395874023
SR009-TL1-4520-4584,SR009,3,3D,epi,asd_um,22.513913083076478
SR009-TL1-4520-4584,SR009,3,2D,fas,dice,0.8631874322891235
SR009-TL1-4520-4584,SR009,3,2D,fas,surface_dice,0.6930044293403625
SR009-TL1-4520-4584,SR009,3,2D,fas,asd_um,23.06274633407593
SR009-TL1-4520-4584,SR009,3,2D,epi,dice,0.9578433632850648
SR009-TL1-4520-4584,SR009,3,2D,epi,surface_dice,0.8570827841758728
SR009-TL1-4520-4584,SR009,3,2D,epi,asd_um,28.745006132125855
SR009-TL1-6130-6194,SR009,3,3D,fas,dice,0.8946868777275085
SR009-TL1-6130-6194,SR009,3,3D,fas,surface_dice,0.7741219401359558
SR009-TL1-6130-6194,SR009,3,3D,fas,asd_um,17.705611681938173
SR009-TL1-6130-6194,SR009,3,3D,epi,dice,0.9697483777999878
SR009-TL1-6130-6194,SR009,3,3D,epi,surface_dice,0.8462960720062256
SR009-TL1-6130-6194,SR009,3,3D,epi,asd_um,10.042440354824066
SR009-TL1-6130-6194,SR009,3,2D,fas,dice,0.8740547895431519
SR009-TL1-6130-6194,SR009,3,2D,fas,surface_dice,0.7502871751785278
SR009-TL1-6130-6194,SR009,3,2D,fas,asd_um,26.057010841369628
SR009-TL1-6130-6194,SR009,3,2D,epi,dice,0.9708935618400574
SR009-TL1-6130-6194,SR009,3,2D,epi,surface_dice,0.8823034167289734
SR009-TL1-6130-6194,SR009,3,2D,epi,asd_um,10.436796319484712
SR009-TR1-2930-2994,SR009,3,3D,fas,dice,0.8812760710716248
SR009-TR1-2930-2994,SR009,3,3D,fas,surface_dice,0.6841809749603271
SR009-TR1-2930-2994,SR009,3,3D,fas,asd_um,33.370080900192264
SR009-TR1-2930-2994,SR009,3,3D,epi,dice,0.950561225414276
SR009-TR1-2930-2994,SR009,3,3D,epi,surface_dice,0.8602620959281921
SR009-TR1-2930-2994,SR009,3,3D,epi,asd_um,12.813725852966309
SR009-TR1-2930-2994,SR009,3,2D,fas,dice,0.848425030708313
SR009-TR1-2930-2994,SR009,3,2D,fas,surface_dice,0.5803516507148743
SR009-TR1-2930-2994,SR009,3,2D,fas,asd_um,44.76177749633789
SR009-TR1-2930-2994,SR009,3,2D,epi,dice,0.9345348477363586
SR009-TR1-2930-2994,SR009,3,2D,epi,surface_dice,0.7979879379272461
SR009-TR1-2930-2994,SR009,3,2D,epi,asd_um,20.442525029182434
SR009-TR1-5300-5364,SR009,3,3D,fas,dice,0.8176420331001282
SR009-TR1-5300-5364,SR009,3,3D,fas,surface_dice,0.6895846128463745
SR009-TR1-5300-5364,SR009,3,3D,fas,asd_um,26.78056483268738
SR009-TR1-5300-5364,SR009,3,3D,epi,dice,0.918155312538147
SR009-TR1-5300-5364,SR009,3,3D,epi,surface_dice,0.801680326461792
SR009-TR1-5300-5364,SR009,3,3D,epi,asd_um,29.524351930618288
SR009-TR1-5300-5364,SR009,3,2D,fas,dice,0.7636392116546631
SR009-TR1-5300-5364,SR009,3,2D,fas,surface_dice,0.5791490077972412
SR009-TR1-5300-5364,SR009,3,2D,fas,asd_um,30.28154354095459
SR009-TR1-5300-5364,SR009,3,2D,epi,dice,0.898916482925415
SR009-TR1-5300-5364,SR009,3,2D,epi,surface_dice,0.7236778736114502
SR009-TR1-5300-5364,SR009,3,2D,epi,asd_um,27.88449897766114
SR010-CL1-4068-4132,SR010,4,3D,fas,dice,0.9474828839302064
SR010-CL1-4068-4132,SR010,4,3D,fas,surface_dice,0.7792744040489197
SR010-CL1-4068-4132,SR010,4,3D,fas,asd_um,18.766255331039428
SR010-CL1-4068-4132,SR010,4,3D,epi,dice,0.9391352534294128
SR010-CL1-4068-4132,SR010,4,3D,epi,surface_dice,0.8592227101325989
SR010-CL1-4068-4132,SR010,4,3D,epi,asd_um,12.136486101150513
SR010-CL1-4068-4132,SR010,4,2D,fas,dice,0.9232621192932128
SR010-CL1-4068-4132,SR010,4,2D,fas,surface_dice,0.6697715520858765
SR010-CL1-4068-4132,SR010,4,2D,fas,asd_um,32.43775677680969
SR010-CL1-4068-4132,SR010,4,2D,epi,dice,0.9182635545730592
SR010-CL1-4068-4132,SR010,4,2D,epi,surface_dice,0.7781402468681335
SR010-CL1-4068-4132,SR010,4,2D,epi,asd_um,22.812586927413943
SR010-CL1-6954-7018,SR010,4,3D,fas,dice,0.942597270011902
SR010-CL1-6954-7018,SR010,4,3D,fas,surface_dice,0.804023265838623
SR010-CL1-6954-7018,SR010,4,3D,fas,asd_um,15.888170528411866
SR010-CL1-6954-7018,SR010,4,3D,epi,dice,0.9059624671936036
SR010-CL1-6954-7018,SR010,4,3D,epi,surface_dice,0.5903934836387634
SR010-CL1-6954-7018,SR010,4,3D,epi,asd_um,28.431955575942993
SR010-CL1-6954-7018,SR010,4,2D,fas,dice,0.9321817755699158
SR010-CL1-6954-7018,SR010,4,2D,fas,surface_dice,0.7401431202888489
SR010-CL1-6954-7018,SR010,4,2D,fas,asd_um,21.563905835151672
SR010-CL1-6954-7018,SR010,4,2D,epi,dice,0.9153677225112916
SR010-CL1-6954-7018,SR010,4,2D,epi,surface_dice,0.632804811000824
SR010-CL1-6954-7018,SR010,4,2D,epi,asd_um,24.08270058631897
SR010-CL2-1125-1189,SR010,4,3D,fas,dice,0.9173686504364014
SR010-CL2-1125-1189,SR010,4,3D,fas,surface_dice,0.7231540679931641
SR010-CL2-1125-1189,SR010,4,3D,fas,asd_um,23.01456484794616
SR010-CL2-1125-1189,SR010,4,3D,epi,dice,0.9209436178207396
SR010-CL2-1125-1189,SR010,4,3D,epi,surface_dice,0.7228677272796631
SR010-CL2-1125-1189,SR010,4,3D,epi,asd_um,19.76575005054474
SR010-CL2-1125-1189,SR010,4,2D,fas,dice,0.9065214395523072
SR010-CL2-1125-1189,SR010,4,2D,fas,surface_dice,0.6990525722503662
SR010-CL2-1125-1189,SR010,4,2D,fas,asd_um,25.653196334838864
SR010-CL2-1125-1189,SR010,4,2D,epi,dice,0.9253227710723876
SR010-CL2-1125-1189,SR010,4,2D,epi,surface_dice,0.7275449633598328
SR010-CL2-1125-1189,SR010,4,2D,epi,asd_um,18.789012908935547
SR010-CL2-3303-3367,SR010,4,3D,fas,dice,0.9245339035987854
SR010-CL2-3303-3367,SR010,4,3D,fas,surface_dice,0.8020853996276855
SR010-CL2-3303-3367,SR010,4,3D,fas,asd_um,14.69348738193512
SR010-CL2-3303-3367,SR010,4,3D,epi,dice,0.8924880623817444
SR010-CL2-3303-3367,SR010,4,3D,epi,surface_dice,0.6850700378417969
SR010-CL2-3303-3367,SR010,4,3D,epi,asd_um,23.9060161113739
SR010-CL2-3303-3367,SR010,4,2D,fas,dice,0.902799427509308
SR010-CL2-3303-3367,SR010,4,2D,fas,surface_dice,0.7308949828147888
SR010-CL2-3303-3367,SR010,4,2D,fas,asd_um,22.391041731834413
SR010-CL2-3303-3367,SR010,4,2D,epi,dice,0.9123938083648682
SR010-CL2-3303-3367,SR010,4,2D,epi,surface_dice,0.7386633157730103
SR010-CL2-3303-3367,SR010,4,2D,epi,asd_um,19.934647536277772
SR010-CL2-997-1061,SR010,4,3D,fas,dice,0.9211344122886658
SR010-CL2-997-1061,SR010,4,3D,fas,surface_dice,0.7485594749450684
SR010-CL2-997-1061,SR010,4,3D,fas,asd_um,20.824568581581115
SR010-CL2-997-1061,SR010,4,3D,epi,dice,0.9300162196159364
SR010-CL2-997-1061,SR010,4,3D,epi,surface_dice,0.7441096305847168
SR010-CL2-997-1061,SR010,4,3D,epi,asd_um,17.110229086875915
SR010-CL2-997-1061,SR010,4,2D,fas,dice,0.9036566615104676
SR010-CL2-997-1061,SR010,4,2D,fas,surface_dice,0.6923862099647522
SR010-CL2-997-1061,SR010,4,2D,fas,asd_um,25.635594749450686
SR010-CL2-997-1061,SR010,4,2D,epi,dice,0.9277707934379578
SR010-CL2-997-1061,SR010,4,2D,epi,surface_dice,0.7322387099266052
SR010-CL2-997-1061,SR010,4,2D,epi,asd_um,19.122104430198668
SR010-CR1-5758-5822,SR010,4,3D,fas,dice,0.93499094247818
SR010-CR1-5758-5822,SR010,4,3D,fas,surface_dice,0.7577808499336243
SR010-CR1-5758-5822,SR010,4,3D,fas,asd_um,23.584126710891724
SR010-CR1-5758-5822,SR010,4,3D,epi,dice,0.8849174380302429
SR010-CR1-5758-5822,SR010,4,3D,epi,surface_dice,0.7305566072463989
SR010-CR1-5758-5822,SR010,4,3D,epi,asd_um,21.632039952278138
SR010-CR1-5758-5822,SR010,4,2D,fas,dice,0.9152471423149108
SR010-CR1-5758-5822,SR010,4,2D,fas,surface_dice,0.62857586145401
SR010-CR1-5758-5822,SR010,4,2D,fas,asd_um,43.50589785575866
SR010-CR1-5758-5822,SR010,4,2D,epi,dice,0.8753184676170349
SR010-CR1-5758-5822,SR010,4,2D,epi,surface_dice,0.6699231266975403
SR010-CR1-5758-5822,SR010,4,2D,epi,asd_um,44.82007255554199
SR010-CR1-7692-7756,SR010,4,3D,fas,dice,0.9529036283493042
SR010-CR1-7692-7756,SR010,4,3D,fas,surface_dice,0.8361333608627319
SR010-CR1-7692-7756,SR010,4,3D,fas,asd_um,14.211918497085572
SR010-CR1-7692-7756,SR010,4,3D,epi,dice,0.9485028386116028
SR010-CR1-7692-7756,SR010,4,3D,epi,surface_dice,0.8206232786178589
SR010-CR1-7692-7756,SR010,4,3D,epi,asd_um,13.179389548301698
SR010-CR1-7692-7756,SR010,4,2D,fas,dice,0.9478633999824524
SR010-CR1-7692-7756,SR010,4,2D,fas,surface_dice,0.8109152913093567
SR010-CR1-7692-7756,SR010,4,2D,fas,asd_um,20.126806783676145
SR010-CR1-7692-7756,SR010,4,2D,epi,dice,0.9424009919166564
SR010-CR1-7692-7756,SR010,4,2D,epi,surface_dice,0.7965701818466187
SR010-CR1-7692-7756,SR010,4,2D,epi,asd_um,16.951763176918032
SR010-TL1-1100-1164,SR010,4,3D,fas,dice,0.9561144113540648
SR010-TL1-1100-1164,SR010,4,3D,fas,surface_dice,0.9176690578460692
SR010-TL1-1100-1164,SR010,4,3D,fas,asd_um,8.82581570148468
SR010-TL1-1100-1164,SR010,4,3D,epi,dice,0.9621773362159728
SR010-TL1-1100-1164,SR010,4,3D,epi,surface_dice,0.950118362903595
SR010-TL1-1100-1164,SR010,4,3D,epi,asd_um,7.012070989608765
SR010-TL1-1100-1164,SR010,4,2D,fas,dice,0.9330904483795166
SR010-TL1-1100-1164,SR010,4,2D,fas,surface_dice,0.8056036233901978
SR010-TL1-1100-1164,SR010,4,2D,fas,asd_um,12.95548574924469
SR010-TL1-1100-1164,SR010,4,2D,epi,dice,0.9430022835731506
SR010-TL1-1100-1164,SR010,4,2D,epi,surface_dice,0.8795076012611389
SR010-TL1-1100-1164,SR010,4,2D,epi,asd_um,10.663359653949739
SR010-TL1-2764-2828,SR010,4,3D,fas,dice,0.9104300141334534
SR010-TL1-2764-2828,SR010,4,3D,fas,surface_dice,0.7704392075538635
SR010-TL1-2764-2828,SR010,4,3D,fas,asd_um,16.409940934181215
SR010-TL1-2764-2828,SR010,4,3D,epi,dice,0.9423910975456238
SR010-TL1-2764-2828,SR010,4,3D,epi,surface_dice,0.8604742288589478
SR010-TL1-2764-2828,SR010,4,3D,epi,asd_um,11.656462383270265
SR010-TL1-2764-2828,SR010,4,2D,fas,dice,0.8893308043479919
SR010-TL1-2764-2828,SR010,4,2D,fas,surface_dice,0.7249912023544312
SR010-TL1-2764-2828,SR010,4,2D,fas,asd_um,19.747269201278687
SR010-TL1-2764-2828,SR010,4,2D,epi,dice,0.9245549440383912
SR010-TL1-2764-2828,SR010,4,2D,epi,surface_dice,0.8284076452255249
SR010-TL1-2764-2828,SR010,4,2D,epi,asd_um,14.67901825904846
SR010-TL1-4236-4300,SR010,4,3D,fas,dice,0.9092958569526672
SR010-TL1-4236-4300,SR010,4,3D,fas,surface_dice,0.8001051545143127
SR010-TL1-4236-4300,SR010,4,3D,fas,asd_um,50.88866214752198
SR010-TL1-4236-4300,SR010,4,3D,epi,dice,0.9138279557228088
SR010-TL1-4236-4300,SR010,4,3D,epi,surface_dice,0.8271153569221497
SR010-TL1-4236-4300,SR010,4,3D,epi,asd_um,17.568355464935305
SR010-TL1-4236-4300,SR010,4,2D,fas,dice,0.895029604434967
SR010-TL1-4236-4300,SR010,4,2D,fas,surface_dice,0.7421051263809204
SR010-TL1-4236-4300,SR010,4,2D,fas,asd_um,37.30659556388855
SR010-TL1-4236-4300,SR010,4,2D,epi,dice,0.9067254066467284
SR010-TL1-4236-4300,SR010,4,2D,epi,surface_dice,0.8016448616981506
SR010-TL1-4236-4300,SR010,4,2D,epi,asd_um,18.45311508178711
SR010-TR1-1055-1119,SR010,4,3D,fas,dice,0.910127341747284
SR010-TR1-1055-1119,SR010,4,3D,fas,surface_dice,0.7784745693206787
SR010-TR1-1055-1119,SR010,4,3D,fas,asd_um,15.769978165626526
SR010-TR1-1055-1119,SR010,4,3D,epi,dice,0.8934847712516785
SR010-TR1-1055-1119,SR010,4,3D,epi,surface_dice,0.7621413469314575
SR010-TR1-1055-1119,SR010,4,3D,epi,asd_um,16.27320384979248
SR010-TR1-1055-1119,SR010,4,2D,fas,dice,0.8666002154350281
SR010-TR1-1055-1119,SR010,4,2D,fas,surface_dice,0.6620485782623291
SR010-TR1-1055-1119,SR010,4,2D,fas,asd_um,23.539614486694337
SR010-TR1-1055-1119,SR010,4,2D,epi,dice,0.8860580325126648
SR010-TR1-1055-1119,SR010,4,2D,epi,surface_dice,0.7449647784233093
SR010-TR1-1055-1119,SR010,4,2D,epi,asd_um,19.836218905448913
SR010-TR1-1183-1247,SR010,4,3D,fas,dice,0.8856959342956543
SR010-TR1-1183-1247,SR010,4,3D,fas,surface_dice,0.6857006549835205
SR010-TR1-1183-1247,SR010,4,3D,fas,asd_um,26.311029767990114
SR010-TR1-1183-1247,SR010,4,3D,epi,dice,0.88039630651474
SR010-TR1-1183-1247,SR010,4,3D,epi,surface_dice,0.7539067268371582
SR010-TR1-1183-1247,SR010,4,3D,epi,asd_um,19.60771086215973
SR010-TR1-1183-1247,SR010,4,2D,fas,dice,0.8086502552032471
SR010-TR1-1183-1247,SR010,4,2D,fas,surface_dice,0.5129676461219788
SR010-TR1-1183-1247,SR010,4,2D,fas,asd_um,45.85482616424561
SR010-TR1-1183-1247,SR010,4,2D,epi,dice,0.8600537776947021
SR010-TR1-1183-1247,SR010,4,2D,epi,surface_dice,0.6733712553977966
SR010-TR1-1183-1247,SR010,4,2D,epi,asd_um,30.238784408569337
SR010-TR1-119-183,SR010,4,3D,fas,dice,0.9809837341308594
SR010-TR1-119-183,SR010,4,3D,fas,surface_dice,0.9347151517868042
SR010-TR1-119-183,SR010,4,3D,fas,asd_um,6.290073037147522
SR010-TR1-119-183,SR010,4,3D,epi,dice,0.8477247953414917
SR010-TR1-119-183,SR010,4,3D,epi,surface_dice,0.5690240859985352
SR010-TR1-119-183,SR010,4,3D,epi,asd_um,188.1776035308838
SR010-TR1-119-183,SR010,4,2D,fas,dice,0.9790484309196472
SR010-TR1-119-183,SR010,4,2D,fas,surface_dice,0.9192429184913636
SR010-TR1-119-183,SR010,4,2D,fas,asd_um,8.65673679113388
SR010-TR1-119-183,SR010,4,2D,epi,dice,0.8181418776512146
SR010-TR1-119-183,SR010,4,2D,epi,surface_dice,0.5093479156494141
SR010-TR1-119-183,SR010,4,2D,epi,asd_um,876.9943496704102
SR010-TR1-1439-1503,SR010,4,3D,fas,dice,0.9099560976028442
SR010-TR1-1439-1503,SR010,4,3D,fas,surface_dice,0.7652056813240051
SR010-TR1-1439-1503,SR010,4,3D,fas,asd_um,16.651574063301087
SR010-TR1-1439-1503,SR010,4,3D,epi,dice,0.9252423644065856
SR010-TR1-1439-1503,SR010,4,3D,epi,surface_dice,0.801415205001831
SR010-TR1-1439-1503,SR010,4,3D,epi,asd_um,14.871871948242188
SR010-TR1-1439-1503,SR010,4,2D,fas,dice,0.8802139759063721
SR010-TR1-1439-1503,SR010,4,2D,fas,surface_dice,0.6739627718925476
SR010-TR1-1439-1503,SR010,4,2D,fas,asd_um,27.654835796356203
SR010-TR1-1439-1503,SR010,4,2D,epi,dice,0.924752712249756
SR010-TR1-1439-1503,SR010,4,2D,epi,surface_dice,0.7940373420715332
SR010-TR1-1439-1503,SR010,4,2D,epi,asd_um,15.688890194892881
SR010-TR1-1619-1683,SR010,4,3D,fas,dice,0.8907822370529175
SR010-TR1-1619-1683,SR010,4,3D,fas,surface_dice,0.7665895223617554
SR010-TR1-1619-1683,SR010,4,3D,fas,asd_um,58.40258760452271
SR010-TR1-1619-1683,SR010,4,3D,epi,dice,0.9489151835441588
SR010-TR1-1619-1683,SR010,4,3D,epi,surface_dice,0.8693124055862427
SR010-TR1-1619-1683,SR010,4,3D,epi,asd_um,13.19770052433014
SR010-TR1-1619-1683,SR010,4,2D,fas,dice,0.8616321086883545
SR010-TR1-1619-1683,SR010,4,2D,fas,surface_dice,0.6382884979248047
SR010-TR1-1619-1683,SR010,4,2D,fas,asd_um,173.89745578765869
SR010-TR1-1619-1683,SR010,4,2D,epi,dice,0.9441539645195008
SR010-TR1-1619-1683,SR010,4,2D,epi,surface_dice,0.814582109451294
SR010-TR1-1619-1683,SR010,4,2D,epi,asd_um,20.352019286155702
SR010-TR1-1747-1811,SR010,4,3D,fas,dice,0.9200466275215148
SR010-TR1-1747-1811,SR010,4,3D,fas,surface_dice,0.8576969504356384
SR010-TR1-1747-1811,SR010,4,3D,fas,asd_um,264.4070583343506
SR010-TR1-1747-1811,SR010,4,3D,epi,dice,0.947493016719818
SR010-TR1-1747-1811,SR010,4,3D,epi,surface_dice,0.8826413750648499
SR010-TR1-1747-1811,SR010,4,3D,epi,asd_um,12.923413681983948
SR010-TR1-1747-1811,SR010,4,2D,fas,dice,0.918113648891449
SR010-TR1-1747-1811,SR010,4,2D,fas,surface_dice,0.8177468776702881
SR010-TR1-1747-1811,SR010,4,2D,fas,asd_um,333.7665023803711
SR010-TR1-1747-1811,SR010,4,2D,epi,dice,0.9488201141357422
SR010-TR1-1747-1811,SR010,4,2D,epi,surface_dice,0.8740054368972778
SR010-TR1-1747-1811,SR010,4,2D,epi,asd_um,14.437780594825744
SR010-TR1-183-247,SR010,4,3D,fas,dice,0.9567174315452576
SR010-TR1-183-247,SR010,4,3D,fas,surface_dice,0.8762282133102417
SR010-TR1-183-247,SR010,4,3D,fas,asd_um,13.308071923255921
SR010-TR1-183-247,SR010,4,3D,epi,dice,0.7959921360015869
SR010-TR1-183-247,SR010,4,3D,epi,surface_dice,0.5522546172142029
SR010-TR1-183-247,SR010,4,3D,epi,asd_um,1045.8016204833982
SR010-TR1-183-247,SR010,4,2D,fas,dice,0.9484670162200928
SR010-TR1-183-247,SR010,4,2D,fas,surface_dice,0.8214484453201294
SR010-TR1-183-247,SR010,4,2D,fas,asd_um,16.998415803909303
SR010-TR1-183-247,SR010,4,2D,epi,dice,0.7989127039909363
SR010-TR1-183-247,SR010,4,2D,epi,surface_dice,0.5244631171226501
SR010-TR1-183-247,SR010,4,2D,epi,asd_um,1326.5160964965821
SR010-TR1-1875-1939,SR010,4,3D,fas,dice,0.9250965714454652
SR010-TR1-1875-1939,SR010,4,3D,fas,surface_dice,0.7800984978675842
SR010-TR1-1875-1939,SR010,4,3D,fas,asd_um,63.57862243652344
SR010-TR1-1875-1939,SR010,4,3D,epi,dice,0.9560999274253844
SR010-TR1-1875-1939,SR010,4,3D,epi,surface_dice,0.8654638528823853
SR010-TR1-1875-1939,SR010,4,3D,epi,asd_um,11.737254095077516
SR010-TR1-1875-1939,SR010,4,2D,fas,dice,0.9142786860466005
SR010-TR1-1875-1939,SR010,4,2D,fas,surface_dice,0.7337080240249634
SR010-TR1-1875-1939,SR010,4,2D,fas,asd_um,98.5291088104248
SR010-TR1-1875-1939,SR010,4,2D,epi,dice,0.9560686349868774
SR010-TR1-1875-1939,SR010,4,2D,epi,surface_dice,0.846362829208374
SR010-TR1-1875-1939,SR010,4,2D,epi,asd_um,15.992482209205628
SR010-TR1-619-683,SR010,4,3D,fas,dice,0.9613937735557556
SR010-TR1-619-683,SR010,4,3D,fas,surface_dice,0.9324026703834534
SR010-TR1-619-683,SR010,4,3D,fas,asd_um,7.935001122951507
SR010-TR1-619-683,SR010,4,3D,epi,dice,0.9363788962364196
SR010-TR1-619-683,SR010,4,3D,epi,surface_dice,0.9083994030952454
SR010-TR1-619-683,SR010,4,3D,epi,asd_um,10.640778744220732
SR010-TR1-619-683,SR010,4,2D,fas,dice,0.9583041071891784
SR010-TR1-619-683,SR010,4,2D,fas,surface_dice,0.92747563123703
SR010-TR1-619-683,SR010,4,2D,fas,asd_um,8.345914292335511
SR010-TR1-619-683,SR010,4,2D,epi,dice,0.93878436088562
SR010-TR1-619-683,SR010,4,2D,epi,surface_dice,0.900972843170166
SR010-TR1-619-683,SR010,4,2D,epi,asd_um,274.0021945953369
SR010-TR1-939-1003,SR010,4,3D,fas,dice,0.9383912086486816
SR010-TR1-939-1003,SR010,4,3D,fas,surface_dice,0.8716979622840881
SR010-TR1-939-1003,SR010,4,3D,fas,asd_um,11.106871497631074
SR010-TR1-939-1003,SR010,4,3D,epi,dice,0.905855357646942
SR010-TR1-939-1003,SR010,4,3D,epi,surface_dice,0.8304284811019897
SR010-TR1-939-1003,SR010,4,3D,epi,asd_um,13.390272903442384
SR010-TR1-939-1003,SR010,4,2D,fas,dice,0.9256699085235596
SR010-TR1-939-1003,SR010,4,2D,fas,surface_dice,0.8351858258247375
SR010-TR1-939-1003,SR010,4,2D,fas,asd_um,12.87127890586853
SR010-TR1-939-1003,SR010,4,2D,epi,dice,0.9158360958099364
SR010-TR1-939-1003,SR010,4,2D,epi,surface_dice,0.8580991625785828
SR010-TR1-939-1003,SR010,4,2D,epi,asd_um,12.454476571083067
SR011-CL1-2300-2364,SR011,5,3D,fas,dice,0.8872950673103333
SR011-CL1-2300-2364,SR011,5,3D,fas,surface_dice,0.642101526260376
SR011-CL1-2300-2364,SR011,5,3D,fas,asd_um,254.66843490600587
SR011-CL1-2300-2364,SR011,5,3D,epi,dice,0.9618635177612304
SR011-CL1-2300-2364,SR011,5,3D,epi,surface_dice,0.8044692873954773
SR011-CL1-2300-2364,SR011,5,3D,epi,asd_um,17.050223064422607
SR011-CL1-2300-2364,SR011,5,2D,fas,dice,0.6872487664222717
SR011-CL1-2300-2364,SR011,5,2D,fas,surface_dice,0.23715892434120175
SR011-CL1-2300-2364,SR011,5,2D,fas,asd_um,1242.7856048583983
SR011-CL1-2300-2364,SR011,5,2D,epi,dice,0.918648898601532
SR011-CL1-2300-2364,SR011,5,2D,epi,surface_dice,0.5804478526115417
SR011-CL1-2300-2364,SR011,5,2D,epi,asd_um,60.84436454772949
SR011-CL1-2850-2914,SR011,5,3D,fas,dice,0.9383893609046936
SR011-CL1-2850-2914,SR011,5,3D,fas,surface_dice,0.7935639023780823
SR011-CL1-2850-2914,SR011,5,3D,fas,asd_um,38.19934058189392
SR011-CL1-2850-2914,SR011,5,3D,epi,dice,0.9781413078308104
SR011-CL1-2850-2914,SR011,5,3D,epi,surface_dice,0.9096712470054626
SR011-CL1-2850-2914,SR011,5,3D,epi,asd_um,9.9692345023155209
SR011-CL1-2850-2914,SR011,5,2D,fas,dice,0.8641941547393799
SR011-CL1-2850-2914,SR011,5,2D,fas,surface_dice,0.5461413860321045
SR011-CL1-2850-2914,SR011,5,2D,fas,asd_um,318.55242691040036
SR011-CL1-2850-2914,SR011,5,2D,epi,dice,0.9612845182418824
SR011-CL1-2850-2914,SR011,5,2D,epi,surface_dice,0.796222984790802
SR011-CL1-2850-2914,SR011,5,2D,epi,asd_um,27.796656847000122
SR011-CL1-7000-7064,SR011,5,3D,fas,dice,0.9356924891471864
SR011-CL1-7000-7064,SR011,5,3D,fas,surface_dice,0.7408281564712524
SR011-CL1-7000-7064,SR011,5,3D,fas,asd_um,36.991941404342654
SR011-CL1-7000-7064,SR011,5,3D,epi,dice,0.894232451915741
SR011-CL1-7000-7064,SR011,5,3D,epi,surface_dice,0.7366533279418945
SR011-CL1-7000-7064,SR011,5,3D,epi,asd_um,44.816482114791874
SR011-CL1-7000-7064,SR011,5,2D,fas,dice,0.9356075525283812
SR011-CL1-7000-7064,SR011,5,2D,fas,surface_dice,0.6320490837097168
SR011-CL1-7000-7064,SR011,5,2D,fas,asd_um,56.90303363800049
SR011-CL1-7000-7064,SR011,5,2D,epi,dice,0.8908397555351257
SR011-CL1-7000-7064,SR011,5,2D,epi,surface_dice,0.6604146957397461
SR011-CL1-7000-7064,SR011,5,2D,epi,asd_um,76.10184059143067
SR011-CL2-4040-4104,SR011,5,3D,fas,dice,0.9360901117324828
SR011-CL2-4040-4104,SR011,5,3D,fas,surface_dice,0.737514853477478
SR011-CL2-4040-4104,SR011,5,3D,fas,asd_um,20.178756737709048
SR011-CL2-4040-4104,SR011,5,3D,epi,dice,0.9531592130661012
SR011-CL2-4040-4104,SR011,5,3D,epi,surface_dice,0.851408839225769
SR011-CL2-4040-4104,SR011,5,3D,epi,asd_um,14.288217401504516
SR011-CL2-4040-4104,SR011,5,2D,fas,dice,0.8825794458389282
SR011-CL2-4040-4104,SR011,5,2D,fas,surface_dice,0.5476279258728027
SR011-CL2-4040-4104,SR011,5,2D,fas,asd_um,55.35827980041504
SR011-CL2-4040-4104,SR011,5,2D,epi,dice,0.9264395833015442
SR011-CL2-4040-4104,SR011,5,2D,epi,surface_dice,0.7146987318992615
SR011-CL2-4040-4104,SR011,5,2D,epi,asd_um,61.173434829711915
SR011-CR1-1850-1914,SR011,5,3D,fas,dice,0.8856425285339355
SR011-CR1-1850-1914,SR011,5,3D,fas,surface_dice,0.6506157517433167
SR011-CR1-1850-1914,SR011,5,3D,fas,asd_um,256.3863018035889
SR011-CR1-1850-1914,SR011,5,3D,epi,dice,0.9691580533981324
SR011-CR1-1850-1914,SR011,5,3D,epi,surface_dice,0.8239211440086365
SR011-CR1-1850-1914,SR011,5,3D,epi,asd_um,22.35188391208649
SR011-CR1-1850-1914,SR011,5,2D,fas,dice,0.5635935664176941
SR011-CR1-1850-1914,SR011,5,2D,fas,surface_dice,0.15631064772605896
SR011-CR1-1850-1914,SR011,5,2D,fas,asd_um,1825.6302612304687
SR011-CR1-1850-1914,SR011,5,2D,epi,dice,0.9227654933929444
SR011-CR1-1850-1914,SR011,5,2D,epi,surface_dice,0.5695599317550659
SR011-CR1-1850-1914,SR011,5,2D,epi,asd_um,70.01896533966065
SR011-CR1-6100-6164,SR011,5,3D,fas,dice,0.9507948160171508
SR011-CR1-6100-6164,SR011,5,3D,fas,surface_dice,0.7655816674232483
SR011-CR1-6100-6164,SR011,5,3D,fas,asd_um,17.088080334663392
SR011-CR1-6100-6164,SR011,5,3D,epi,dice,0.9240437150001526
SR011-CR1-6100-6164,SR011,5,3D,epi,surface_dice,0.8172277212142944
SR011-CR1-6100-6164,SR011,5,3D,epi,asd_um,19.65320427417755
SR011-CR1-6100-6164,SR011,5,2D,fas,dice,0.944412887096405
SR011-CR1-6100-6164,SR011,5,2D,fas,surface_dice,0.7214362621307373
SR011-CR1-6100-6164,SR011,5,2D,fas,asd_um,25.960514688491823
SR011-CR1-6100-6164,SR011,5,2D,epi,dice,0.91339910030365
SR011-CR1-6100-6164,SR011,5,2D,epi,surface_dice,0.7767714858055115
SR011-CR1-6100-6164,SR011,5,2D,epi,asd_um,28.64514513015747
SR011-CR1-6780-6844,SR011,5,3D,fas,dice,0.9555875062942504
SR011-CR1-6780-6844,SR011,5,3D,fas,surface_dice,0.7608208656311035
SR011-CR1-6780-6844,SR011,5,3D,fas,asd_um,47.83945655822754
SR011-CR1-6780-6844,SR011,5,3D,epi,dice,0.9401368498802184
SR011-CR1-6780-6844,SR011,5,3D,epi,surface_dice,0.7923035621643066
SR011-CR1-6780-6844,SR011,5,3D,epi,asd_um,23.32931413650513
SR011-CR1-6780-6844,SR011,5,2D,fas,dice,0.9626415967941284
SR011-CR1-6780-6844,SR011,5,2D,fas,surface_dice,0.7350303530693054
SR011-CR1-6780-6844,SR011,5,2D,fas,asd_um,44.194289445877075
SR011-CR1-6780-6844,SR011,5,2D,epi,dice,0.920049011707306
SR011-CR1-6780-6844,SR011,5,2D,epi,surface_dice,0.6957414746284485
SR011-CR1-6780-6844,SR011,5,2D,epi,asd_um,28.035873699188233
SR011-TL1-4428-4492,SR011,5,3D,fas,dice,0.9715283513069152
SR011-TL1-4428-4492,SR011,5,3D,fas,surface_dice,0.8799922466278076
SR011-TL1-4428-4492,SR011,5,3D,fas,asd_um,9.154167079925537
SR011-TL1-4428-4492,SR011,5,3D,epi,dice,0.943425714969635
SR011-TL1-4428-4492,SR011,5,3D,epi,surface_dice,0.6992062330245972
SR011-TL1-4428-4492,SR011,5,3D,epi,asd_um,15.154023241996766
SR011-TL1-4428-4492,SR011,5,2D,fas,dice,0.9760066270828248
SR011-TL1-4428-4492,SR011,5,2D,fas,surface_dice,0.891403079032898
SR011-TL1-4428-4492,SR011,5,2D,fas,asd_um,25.85508999824524
SR011-TL1-4428-4492,SR011,5,2D,epi,dice,0.9295827746391296
SR011-TL1-4428-4492,SR011,5,2D,epi,surface_dice,0.6429599523544312
SR011-TL1-4428-4492,SR011,5,2D,epi,asd_um,18.97446963787079
SR011-TL1-5500-5564,SR011,5,3D,fas,dice,0.9494741559028624
SR011-TL1-5500-5564,SR011,5,3D,fas,surface_dice,0.8939095139503479
SR011-TL1-5500-5564,SR011,5,3D,fas,asd_um,11.521762418746949
SR011-TL1-5500-5564,SR011,5,3D,epi,dice,0.9506134390830994
SR011-TL1-5500-5564,SR011,5,3D,epi,surface_dice,0.7190009355545044
SR011-TL1-5500-5564,SR011,5,3D,epi,asd_um,13.742377996444706
SR011-TL1-5500-5564,SR011,5,2D,fas,dice,0.9463249444961548
SR011-TL1-5500-5564,SR011,5,2D,fas,surface_dice,0.8411083221435547
SR011-TL1-5500-5564,SR011,5,2D,fas,asd_um,12.756213569641114
SR011-TL1-5500-5564,SR011,5,2D,epi,dice,0.9486203789711
SR011-TL1-5500-5564,SR011,5,2D,epi,surface_dice,0.7134174108505249
SR011-TL1-5500-5564,SR011,5,2D,epi,asd_um,14.262315130233764
SR011-TL1-6164-6228,SR011,5,3D,fas,dice,0.9676885604858398
SR011-TL1-6164-6228,SR011,5,3D,fas,surface_dice,0.9426680207252502
SR011-TL1-6164-6228,SR011,5,3D,fas,asd_um,9.065854060649873
SR011-TL1-6164-6228,SR011,5,3D,epi,dice,0.9582395553588868
SR011-TL1-6164-6228,SR011,5,3D,epi,surface_dice,0.7384089827537537
SR011-TL1-6164-6228,SR011,5,3D,epi,asd_um,12.828374361991882
SR011-TL1-6164-6228,SR011,5,2D,fas,dice,0.9629361033439636
SR011-TL1-6164-6228,SR011,5,2D,fas,surface_dice,0.9012080430984496
SR011-TL1-6164-6228,SR011,5,2D,fas,asd_um,13.767197155952454
SR011-TL1-6164-6228,SR011,5,2D,epi,dice,0.9552106261253356
SR011-TL1-6164-6228,SR011,5,2D,epi,surface_dice,0.719312310218811
SR011-TL1-6164-6228,SR011,5,2D,epi,asd_um,14.838936924934387
SR011-TL1-6700-6764,SR011,5,3D,fas,dice,0.9227312803268432
SR011-TL1-6700-6764,SR011,5,3D,fas,surface_dice,0.7830247282981873
SR011-TL1-6700-6764,SR011,5,3D,fas,asd_um,18.978194618225096
SR011-TL1-6700-6764,SR011,5,3D,epi,dice,0.9573987126350404
SR011-TL1-6700-6764,SR011,5,3D,epi,surface_dice,0.7569091320037842
SR011-TL1-6700-6764,SR011,5,3D,epi,asd_um,54.569698333740234
SR011-TL1-6700-6764,SR011,5,2D,fas,dice,0.9203053712844848
SR011-TL1-6700-6764,SR011,5,2D,fas,surface_dice,0.7974469065666199
SR011-TL1-6700-6764,SR011,5,2D,fas,asd_um,17.342766523361206
SR011-TL1-6700-6764,SR011,5,2D,epi,dice,0.9574994444847108
SR011-TL1-6700-6764,SR011,5,2D,epi,surface_dice,0.7628905773162842
SR011-TL1-6700-6764,SR011,5,2D,epi,asd_um,51.75915784835816
SR011-TL1-7148-7212,SR011,5,3D,fas,dice,0.926756739616394
SR011-TL1-7148-7212,SR011,5,3D,fas,surface_dice,0.7354844212532043
SR011-TL1-7148-7212,SR011,5,3D,fas,asd_um,48.92800970077515
SR011-TL1-7148-7212,SR011,5,3D,epi,dice,0.963223159313202
SR011-TL1-7148-7212,SR011,5,3D,epi,surface_dice,0.785016655921936
SR011-TL1-7148-7212,SR011,5,3D,epi,asd_um,14.806113338470459
SR011-TL1-7148-7212,SR011,5,2D,fas,dice,0.9165140390396118
SR011-TL1-7148-7212,SR011,5,2D,fas,surface_dice,0.6988447308540344
SR011-TL1-7148-7212,SR011,5,2D,fas,asd_um,83.30263395309449
SR011-TL1-7148-7212,SR011,5,2D,epi,dice,0.955332577228546
SR011-TL1-7148-7212,SR011,5,2D,epi,surface_dice,0.7312483191490173
SR011-TL1-7148-7212,SR011,5,2D,epi,asd_um,19.504646730422976
SR011-TL1-7268-7332,SR011,5,3D,fas,dice,0.9384545087814332
SR011-TL1-7268-7332,SR011,5,3D,fas,surface_dice,0.8217554092407227
SR011-TL1-7268-7332,SR011,5,3D,fas,asd_um,36.86270728111267
SR011-TL1-7268-7332,SR011,5,3D,epi,dice,0.9778942465782166
SR011-TL1-7268-7332,SR011,5,3D,epi,surface_dice,0.9238132834434508
SR011-TL1-7268-7332,SR011,5,3D,epi,asd_um,9.36960711479187
SR011-TL1-7268-7332,SR011,5,2D,fas,dice,0.9070098400115968
SR011-TL1-7268-7332,SR011,5,2D,fas,surface_dice,0.7328663468360901
SR011-TL1-7268-7332,SR011,5,2D,fas,asd_um,108.28253974914551
SR011-TL1-7268-7332,SR011,5,2D,epi,dice,0.960189938545227
SR011-TL1-7268-7332,SR011,5,2D,epi,surface_dice,0.8346021175384521
SR011-TL1-7268-7332,SR011,5,2D,epi,asd_um,19.185775637626644
SR011-TL1-7428-7492,SR011,5,3D,fas,dice,0.9090257287025452
SR011-TL1-7428-7492,SR011,5,3D,fas,surface_dice,0.7693337798118591
SR011-TL1-7428-7492,SR011,5,3D,fas,asd_um,17.683676290512086
SR011-TL1-7428-7492,SR011,5,3D,epi,dice,0.916998028755188
SR011-TL1-7428-7492,SR011,5,3D,epi,surface_dice,0.6628700494766235
SR011-TL1-7428-7492,SR011,5,3D,epi,asd_um,29.769561910629275
SR011-TL1-7428-7492,SR011,5,2D,fas,dice,0.895144522190094
SR011-TL1-7428-7492,SR011,5,2D,fas,surface_dice,0.7167119979858398
SR011-TL1-7428-7492,SR011,5,2D,fas,asd_um,49.586601448059085
SR011-TL1-7428-7492,SR011,5,2D,epi,dice,0.8769922256469727
SR011-TL1-7428-7492,SR011,5,2D,epi,surface_dice,0.5425262451171875
SR011-TL1-7428-7492,SR011,5,2D,epi,asd_um,53.96319923400879
SR011-TL1-7492-7556,SR011,5,3D,fas,dice,0.8920311331748962
SR011-TL1-7492-7556,SR011,5,3D,fas,surface_dice,0.7205711007118225
SR011-TL1-7492-7556,SR011,5,3D,fas,asd_um,30.43003449440002
SR011-TL1-7492-7556,SR011,5,3D,epi,dice,0.9334549903869628
SR011-TL1-7492-7556,SR011,5,3D,epi,surface_dice,0.6794403791427612
SR011-TL1-7492-7556,SR011,5,3D,epi,asd_um,24.799764060974123
SR011-TL1-7492-7556,SR011,5,2D,fas,dice,0.8887649178504944
SR011-TL1-7492-7556,SR011,5,2D,fas,surface_dice,0.68766021728515625
SR011-TL1-7492-7556,SR011,5,2D,fas,asd_um,40.238170051574706
SR011-TL1-7492-7556,SR011,5,2D,epi,dice,0.8816789388656616
SR011-TL1-7492-7556,SR011,5,2D,epi,surface_dice,0.511367678642273
SR011-TL1-7492-7556,SR011,5,2D,epi,asd_um,59.38438425064087
SR011-TL1-7556-7620,SR011,5,3D,fas,dice,0.908136248588562
SR011-TL1-7556-7620,SR011,5,3D,fas,surface_dice,0.7521272301673889
SR011-TL1-7556-7620,SR011,5,3D,fas,asd_um,28.06065344810486
SR011-TL1-7556-7620,SR011,5,3D,epi,dice,0.926133155822754
SR011-TL1-7556-7620,SR011,5,3D,epi,surface_dice,0.6965510249137878
SR011-TL1-7556-7620,SR011,5,3D,epi,asd_um,26.798845911026003
SR011-TL1-7556-7620,SR011,5,2D,fas,dice,0.897472620010376
SR011-TL1-7556-7620,SR011,5,2D,fas,surface_dice,0.699984610080719
SR011-TL1-7556-7620,SR011,5,2D,fas,asd_um,34.89004683494568
SR011-TL1-7556-7620,SR011,5,2D,epi,dice,0.8714029788970947
SR011-TL1-7556-7620,SR011,5,2D,epi,surface_dice,0.5222227573394775
SR011-TL1-7556-7620,SR011,5,2D,epi,asd_um,58.64287261962891
SR011-TL1-7620-7684,SR011,5,3D,fas,dice,0.8517694473266602
SR011-TL1-7620-7684,SR011,5,3D,fas,surface_dice,0.6804498434066772
SR011-TL1-7620-7684,SR011,5,3D,fas,asd_um,38.84171962738037
SR011-TL1-7620-7684,SR011,5,3D,epi,dice,0.9115108847618104
SR011-TL1-7620-7684,SR011,5,3D,epi,surface_dice,0.6607193946838379
SR011-TL1-7620-7684,SR011,5,3D,epi,asd_um,29.364513444900513
SR011-TL1-7620-7684,SR011,5,2D,fas,dice,0.8488644361495972
SR011-TL1-7620-7684,SR011,5,2D,fas,surface_dice,0.6524250507354736
SR011-TL1-7620-7684,SR011,5,2D,fas,asd_um,42.21070275306702
SR011-TL1-7620-7684,SR011,5,2D,epi,dice,0.837585985660553
SR011-TL1-7620-7684,SR011,5,2D,epi,surface_dice,0.4846353530883789
SR011-TL1-7620-7684,SR011,5,2D,epi,asd_um,61.52546110153198
SR011-TL1-7684-7748,SR011,5,3D,fas,dice,0.8827184438705444
SR011-TL1-7684-7748,SR011,5,3D,fas,surface_dice,0.7167935967445374
SR011-TL1-7684-7748,SR011,5,3D,fas,asd_um,31.846861553192134
SR011-TL1-7684-7748,SR011,5,3D,epi,dice,0.8824125528335571
SR011-TL1-7684-7748,SR011,5,3D,epi,surface_dice,0.6300589442253113
SR011-TL1-7684-7748,SR011,5,3D,epi,asd_um,36.74707660675049
SR011-TL1-7684-7748,SR011,5,2D,fas,dice,0.8854755759239197
SR011-TL1-7684-7748,SR011,5,2D,fas,surface_dice,0.7195282578468323
SR011-TL1-7684-7748,SR011,5,2D,fas,asd_um,41.400382947921756
SR011-TL1-7684-7748,SR011,5,2D,epi,dice,0.8131073713302612
SR011-TL1-7684-7748,SR011,5,2D,epi,surface_dice,0.48892712593078613
SR011-TL1-7684-7748,SR011,5,2D,epi,asd_um,60.85132255554199
SR011-TL1-7748-7812,SR011,5,3D,fas,dice,0.8738980889320374
SR011-TL1-7748-7812,SR011,5,3D,fas,surface_dice,0.7152488827705383
SR011-TL1-7748-7812,SR011,5,3D,fas,asd_um,65.46574831008911
SR011-TL1-7748-7812,SR011,5,3D,epi,dice,0.8662928938865662
SR011-TL1-7748-7812,SR011,5,3D,epi,surface_dice,0.6186094284057617
SR011-TL1-7748-7812,SR011,5,3D,epi,asd_um,43.245317745208744
SR011-TL1-7748-7812,SR011,5,2D,fas,dice,0.8667442202568054
SR011-TL1-7748-7812,SR011,5,2D,fas,surface_dice,0.6811742186546326
SR011-TL1-7748-7812,SR011,5,2D,fas,asd_um,74.84019613265991
SR011-TL1-7748-7812,SR011,5,2D,epi,dice,0.7890788316726685
SR011-TL1-7748-7812,SR011,5,2D,epi,surface_dice,0.4560854434967041
SR011-TL1-7748-7812,SR011,5,2D,epi,asd_um,66.83330125808716
SR011-TL1-7812-7876,SR011,5,3D,fas,dice,0.8568033576011658
SR011-TL1-7812-7876,SR011,5,3D,fas,surface_dice,0.6824915409088135
SR011-TL1-7812-7876,SR011,5,3D,fas,asd_um,34.66206336021423
SR011-TL1-7812-7876,SR011,5,3D,epi,dice,0.8952897191047668
SR011-TL1-7812-7876,SR011,5,3D,epi,surface_dice,0.6484555006027222
SR011-TL1-7812-7876,SR011,5,3D,epi,asd_um,37.5569914340973
SR011-TL1-7812-7876,SR011,5,2D,fas,dice,0.8639389872550964
SR011-TL1-7812-7876,SR011,5,2D,fas,surface_dice,0.6487008929252625
SR011-TL1-7812-7876,SR011,5,2D,fas,asd_um,37.675054693222044
SR011-TL1-7812-7876,SR011,5,2D,epi,dice,0.8307503461837769
SR011-TL1-7812-7876,SR011,5,2D,epi,surface_dice,0.4723660349845886
SR011-TL1-7812-7876,SR011,5,2D,epi,asd_um,59.40897102355957
