id,subject,fold,model,cls,bfscore
SR007-CL1-4300-4364,SR007,1,3D,fas,0.8247948571428572
SR007-CL1-4300-4364,SR007,1,3D,epi,0.8026226093650793
SR007-CL1-4300-4364,SR007,1,2D,fas,0.537863993968254
SR007-CL1-4300-4364,SR007,1,2D,epi,0.5912979592063492
SR007-CL1-4300-4364,SR007,1,GT,fas,0.677705623015873
SR007-CL1-4300-4364,SR007,1,GT,epi,0.6910268519047619
SR007-CL1-5700-5764,SR007,1,3D,fas,0.8565922352380952
SR007-CL1-5700-5764,SR007,1,3D,epi,0.8282148722222222
SR007-CL1-5700-5764,SR007,1,2D,fas,0.5690060071428571
SR007-CL1-5700-5764,SR007,1,2D,epi,0.6607124201587301
SR007-CL1-5700-5764,SR007,1,GT,fas,0.7082327471428571
SR007-CL1-5700-5764,SR007,1,GT,epi,0.7185507577777778
SR007-CL2-2610-2674,SR007,1,3D,fas,0.8764171577777777
SR007-CL2-2610-2674,SR007,1,3D,epi,0.8668294285714285
SR007-CL2-2610-2674,SR007,1,2D,fas,0.7248241960317461
SR007-CL2-2610-2674,SR007,1,2D,epi,0.7723114557142857
SR007-CL2-2610-2674,SR007,1,GT,fas,0.8076980988888889
SR007-CL2-2610-2674,SR007,1,GT,epi,0.7840727261904762
SR007-CL2-3900-3964,SR007,1,3D,fas,0.928837132063492
SR007-CL2-3900-3964,SR007,1,3D,epi,0.8757107117460318
SR007-CL2-3900-3964,SR007,1,2D,fas,0.7418201404761905
SR007-CL2-3900-3964,SR007,1,2D,epi,0.7699134404761905
SR007-CL2-3900-3964,SR007,1,GT,fas,0.8676558368253968
SR007-CL2-3900-3964,SR007,1,GT,epi,0.8137456588888888
SR007-CL2-440-504,SR007,1,3D,fas,0.8261839452380952
SR007-CL2-440-504,SR007,1,3D,epi,0.7942518922222223
SR007-CL2-440-504,SR007,1,2D,fas,0.6640373023809524
SR007-CL2-440-504,SR007,1,2D,epi,0.654242919047619
SR007-CL2-440-504,SR007,1,GT,fas,0.7506779398412698
SR007-CL2-440-504,SR007,1,GT,epi,0.7244389484126984
SR007-CL2-7230-7294,SR007,1,3D,fas,0.9106908396825397
SR007-CL2-7230-7294,SR007,1,3D,epi,0.9107890071428572
SR007-CL2-7230-7294,SR007,1,2D,fas,0.7040984258730159
SR007-CL2-7230-7294,SR007,1,2D,epi,0.779957037936508
SR007-CL2-7230-7294,SR007,1,GT,fas,0.7742252422222222
SR007-CL2-7230-7294,SR007,1,GT,epi,0.7999566958730159
SR007-CL3-1040-1104,SR007,1,3D,fas,0.8845740792063492
SR007-CL3-1040-1104,SR007,1,3D,epi,0.8744407806349206
SR007-CL3-1040-1104,SR007,1,2D,fas,0.6052693766666667
SR007-CL3-1040-1104,SR007,1,2D,epi,0.7269373168253969
SR007-CL3-1040-1104,SR007,1,GT,fas,0.7774421417460318
SR007-CL3-1040-1104,SR007,1,GT,epi,0.8191738003174603
SR007-CR1-2630-2694,SR007,1,3D,fas,0.8360353057142857
SR007-CR1-2630-2694,SR007,1,3D,epi,0.7607348347619047
SR007-CR1-2630-2694,SR007,1,2D,fas,0.350401053968254
SR007-CR1-2630-2694,SR007,1,2D,epi,0.459833713015873
SR007-CR1-2630-2694,SR007,1,GT,fas,0.7200860265079365
SR007-CR1-2630-2694,SR007,1,GT,epi,0.6809989961904762
SR007-CR1-3600-3664,SR007,1,3D,fas,0.7974040187301588
SR007-CR1-3600-3664,SR007,1,3D,epi,0.7574409693650793
SR007-CR1-3600-3664,SR007,1,2D,fas,0.49358889587301585
SR007-CR1-3600-3664,SR007,1,2D,epi,0.5637611542857143
SR007-CR1-3600-3664,SR007,1,GT,fas,0.6058280057142857
SR007-CR1-3600-3664,SR007,1,GT,epi,0.6320153053968254
SR007-CR1-4670-4734,SR007,1,3D,fas,0.8229949926984127
SR007-CR1-4670-4734,SR007,1,3D,epi,0.7828264746031746
SR007-CR1-4670-4734,SR007,1,2D,fas,0.5920355568253969
SR007-CR1-4670-4734,SR007,1,2D,epi,0.6593958320634921
SR007-CR1-4670-4734,SR007,1,GT,fas,0.6980451598412698
SR007-CR1-4670-4734,SR007,1,GT,epi,0.6878854803174603
SR007-CR1-5470-5534,SR007,1,3D,fas,0.820956984920635
SR007-CR1-5470-5534,SR007,1,3D,epi,0.8078089292063492
SR007-CR1-5470-5534,SR007,1,2D,fas,0.6388902461904762
SR007-CR1-5470-5534,SR007,1,2D,epi,0.7026910155555556
SR007-CR1-5470-5534,SR007,1,GT,fas,0.7018907768253968
SR007-CR1-5470-5534,SR007,1,GT,epi,0.7094329720634921
SR007-CR2-3970-4034,SR007,1,3D,fas,0.9048321847619047
SR007-CR2-3970-4034,SR007,1,3D,epi,0.8182538550793651
SR007-CR2-3970-4034,SR007,1,2D,fas,0.6915621958730158
SR007-CR2-3970-4034,SR007,1,2D,epi,0.7044107722222223
SR007-CR2-3970-4034,SR007,1,GT,fas,0.7918111863492063
SR007-CR2-3970-4034,SR007,1,GT,epi,0.7307294066666666
SR007-CR2-520-584,SR007,1,3D,fas,0.9212338490476191
SR007-CR2-520-584,SR007,1,3D,epi,0.8497669185714286
SR007-CR2-520-584,SR007,1,2D,fas,0.7130509484126984
SR007-CR2-520-584,SR007,1,2D,epi,0.7201766480952381
SR007-CR2-520-584,SR007,1,GT,fas,0.8437425185714286
SR007-CR2-520-584,SR007,1,GT,epi,0.7834434914285714
SR007-CR2-7675-7739,SR007,1,3D,fas,0.8759821941269841
SR007-CR2-7675-7739,SR007,1,3D,epi,0.8154215904761904
SR007-CR2-7675-7739,SR007,1,2D,fas,0.7219670880952381
SR007-CR2-7675-7739,SR007,1,2D,epi,0.6549289206349206
SR007-CR2-7675-7739,SR007,1,GT,fas,0.7918436426984127
SR007-CR2-7675-7739,SR007,1,GT,epi,0.6731426422222222
SR007-TL1-3150-3214,SR007,1,3D,fas,0.8472716136507936
SR007-TL1-3150-3214,SR007,1,3D,epi,0.847052443015873
SR007-TL1-3150-3214,SR007,1,2D,fas,0.6582969476190477
SR007-TL1-3150-3214,SR007,1,2D,epi,0.7452519141269841
SR007-TL1-3150-3214,SR007,1,GT,fas,0.71091180365079365
SR007-TL1-3150-3214,SR007,1,GT,epi,0.7548868855555555
SR007-TL1-370-434,SR007,1,3D,fas,0.8568835363492063
SR007-TL1-370-434,SR007,1,3D,epi,0.7706841538095238
SR007-TL1-370-434,SR007,1,2D,fas,0.705495016031746
SR007-TL1-370-434,SR007,1,2D,epi,0.5936882803174603
SR007-TL1-370-434,SR007,1,GT,fas,0.7027486084126984
SR007-TL1-370-434,SR007,1,GT,epi,0.6674207866666667
SR007-TL1-4680-4744,SR007,1,3D,fas,0.8487303263492063
SR007-TL1-4680-4744,SR007,1,3D,epi,0.7411930606349206
SR007-TL1-4680-4744,SR007,1,2D,fas,0.6711044052380952
SR007-TL1-4680-4744,SR007,1,2D,epi,0.6327212912698412
SR007-TL1-4680-4744,SR007,1,GT,fas,0.7544981626984127
SR007-TL1-4680-4744,SR007,1,GT,epi,0.6603971117460318
SR007-TL2-2216-2280,SR007,1,3D,fas,0.7937265988888889
SR007-TL2-2216-2280,SR007,1,3D,epi,0.7445957358730159
SR007-TL2-2216-2280,SR007,1,2D,fas,0.6230657622222222
SR007-TL2-2216-2280,SR007,1,2D,epi,0.6545670198412699
SR007-TL2-2216-2280,SR007,1,GT,fas,0.6483355277777778
SR007-TL2-2216-2280,SR007,1,GT,epi,0.6530133541269841
SR007-TR1-2760-2824,SR007,1,3D,fas,0.6994764712698412
SR007-TR1-2760-2824,SR007,1,3D,epi,0.6494328474603175
SR007-TR1-2760-2824,SR007,1,2D,fas,0.537897582063492
SR007-TR1-2760-2824,SR007,1,2D,epi,0.5358984806349206
SR007-TR1-2760-2824,SR007,1,GT,fas,0.5444431033333333
SR007-TR1-2760-2824,SR007,1,GT,epi,0.5395342488888889
SR007-TR1-5340-5404,SR007,1,3D,fas,0.797875986984127
SR007-TR1-5340-5404,SR007,1,3D,epi,0.7580660771428571
SR007-TR1-5340-5404,SR007,1,2D,fas,0.5194625719047619
SR007-TR1-5340-5404,SR007,1,2D,epi,0.6084107188888889
SR007-TR1-5340-5404,SR007,1,GT,fas,0.6817718373015873
SR007-TR1-5340-5404,SR007,1,GT,epi,0.6776292815873016
SR008-CL1-5080-5144,SR008,2,3D,fas,0.8241024401587301
SR008-CL1-5080-5144,SR008,2,3D,epi,0.788755574920635
SR008-CL1-5080-5144,SR008,2,2D,fas,0.6325584734920635
SR008-CL1-5080-5144,SR008,2,2D,epi,0.6646512863492063
SR008-CL1-5080-5144,SR008,2,GT,fas,0.7373110506984127
SR008-CL1-5080-5144,SR008,2,GT,epi,0.7174638388888889
SR008-CL2-1890-1954,SR008,2,3D,fas,0.9113552984126985
SR008-CL2-1890-1954,SR008,2,3D,epi,0.8838530973015873
SR008-CL2-1890-1954,SR008,2,2D,fas,0.7857360980952381
SR008-CL2-1890-1954,SR008,2,2D,epi,0.8058930261904762
SR008-CL2-1890-1954,SR008,2,GT,fas,0.8505833852380953
SR008-CL2-1890-1954,SR008,2,GT,epi,0.83724788000000006
SR008-CL2-5300-5364,SR008,2,3D,fas,0.9316993985714286
SR008-CL2-5300-5364,SR008,2,3D,epi,0.8832072698412698
SR008-CL2-5300-5364,SR008,2,2D,fas,0.6917081685714286
SR008-CL2-5300-5364,SR008,2,2D,epi,0.7262892733333334
SR008-CL2-5300-5364,SR008,2,GT,fas,0.8787730195238095
SR008-CL2-5300-5364,SR008,2,GT,epi,0.8464916938095238
SR008-CL2-6030-6094,SR008,2,3D,fas,0.9283889565079365
SR008-CL2-6030-6094,SR008,2,3D,epi,0.9188303458730158
SR008-CL2-6030-6094,SR008,2,2D,fas,0.6926768666666666
SR008-CL2-6030-6094,SR008,2,2D,epi,0.7758378555555555
SR008-CL2-6030-6094,SR008,2,GT,fas,0.8848690988888889
SR008-CL2-6030-6094,SR008,2,GT,epi,0.8754724666666667
SR008-CL2-6350-6414,SR008,2,3D,fas,0.9124674353968254
SR008-CL2-6350-6414,SR008,2,3D,epi,0.9124347836507937
SR008-CL2-6350-6414,SR008,2,2D,fas,0.6088175647619047
SR008-CL2-6350-6414,SR008,2,2D,epi,0.7366289142857143
SR008-CL2-6350-6414,SR008,2,GT,fas,0.8541940226984127
SR008-CL2-6350-6414,SR008,2,GT,epi,0.8541890838095239
SR008-CL2-7900-7964,SR008,2,3D,fas,0.8938692503174603
SR008-CL2-7900-7964,SR008,2,3D,epi,0.8273705952380952
SR008-CL2-7900-7964,SR008,2,2D,fas,0.7235563646031746
SR008-CL2-7900-7964,SR008,2,2D,epi,0.5890213342857142
SR008-CL2-7900-7964,SR008,2,GT,fas,0.8633184923809524
SR008-CL2-7900-7964,SR008,2,GT,epi,0.7427163793650794
SR008-CR1-4800-4864,SR008,2,3D,fas,0.8510026895238095
SR008-CR1-4800-4864,SR008,2,3D,epi,0.6452338179365079
SR008-CR1-4800-4864,SR008,2,2D,fas,0.526598343968254
SR008-CR1-4800-4864,SR008,2,2D,epi,0.5003312373015874
SR008-CR1-4800-4864,SR008,2,GT,fas,0.7794444503174603
SR008-CR1-4800-4864,SR008,2,GT,epi,0.6021265514285714
SR008-CR1-6480-6544,SR008,2,3D,fas,0.7147356665079365
SR008-CR1-6480-6544,SR008,2,3D,epi,0.6800460373015873
SR008-CR1-6480-6544,SR008,2,2D,fas,0.5342568503174603
SR008-CR1-6480-6544,SR008,2,2D,epi,0.5605788133333334
SR008-CR1-6480-6544,SR008,2,GT,fas,0.7251099841269841
SR008-CR1-6480-6544,SR008,2,GT,epi,0.6544623382539683
SR008-CR1-7620-7684,SR008,2,3D,fas,0.8094974676190476
SR008-CR1-7620-7684,SR008,2,3D,epi,0.7668392666666667
SR008-CR1-7620-7684,SR008,2,2D,fas,0.6744400882539683
SR008-CR1-7620-7684,SR008,2,2D,epi,0.6479348153968254
SR008-CR1-7620-7684,SR008,2,GT,fas,0.7452187896825396
SR008-CR1-7620-7684,SR008,2,GT,epi,0.7061932661904762
SR008-CR1-7760-7824,SR008,2,3D,fas,0.8559644922222223
SR008-CR1-7760-7824,SR008,2,3D,epi,0.73835135
SR008-CR1-7760-7824,SR008,2,2D,fas,0.7484502925396825
SR008-CR1-7760-7824,SR008,2,2D,epi,0.6123792503174603
SR008-CR1-7760-7824,SR008,2,GT,fas,0.7867046153968253
SR008-CR1-7760-7824,SR008,2,GT,epi,0.6856077882539683
SR008-CR2-640-704,SR008,2,3D,fas,0.9376464147619048
SR008-CR2-640-704,SR008,2,3D,epi,0.8731552946031746
SR008-CR2-640-704,SR008,2,2D,fas,0.816572556984127
SR008-CR2-640-704,SR008,2,2D,epi,0.7532335480952381
SR008-CR2-640-704,SR008,2,GT,fas,0.880776326984127
SR008-CR2-640-704,SR008,2,GT,epi,0.7976736911111111
SR008-TL1-1160-1224,SR008,2,3D,fas,0.931288312063492
SR008-TL1-1160-1224,SR008,2,3D,epi,0.924545912063492
SR008-TL1-1160-1224,SR008,2,2D,fas,0.8340464712698413
SR008-TL1-1160-1224,SR008,2,2D,epi,0.8617577434920635
SR008-TL1-1160-1224,SR008,2,GT,fas,0.8811252707936508
SR008-TL1-1160-1224,SR008,2,GT,epi,0.8776677026984127
SR008-TL1-1879-1943,SR008,2,3D,fas,0.8863889617460318
SR008-TL1-1879-1943,SR008,2,3D,epi,0.7388495971428571
SR008-TL1-1879-1943,SR008,2,2D,fas,0.7892494328571429
SR008-TL1-1879-1943,SR008,2,2D,epi,0.6387051117460317
SR008-TL1-1879-1943,SR008,2,GT,fas,0.8307572303174603
SR008-TL1-1879-1943,SR008,2,GT,epi,0.7213192461904762
SR008-TL1-240-304,SR008,2,3D,fas,0.8890136307936508
SR008-TL1-240-304,SR008,2,3D,epi,0.7407884058730159
SR008-TL1-240-304,SR008,2,2D,fas,0.8264620687301587
SR008-TL1-240-304,SR008,2,2D,epi,0.6043675007936508
SR008-TL1-240-304,SR008,2,GT,fas,0.8153246960317461
SR008-TL1-240-304,SR008,2,GT,epi,0.6155178557142857
SR008-TL1-800-864,SR008,2,3D,fas,0.9436882141269841
SR008-TL1-800-864,SR008,2,3D,epi,0.9273900541269842
SR008-TL1-800-864,SR008,2,2D,fas,0.8309231465079365
SR008-TL1-800-864,SR008,2,2D,epi,0.8344469593650794
SR008-TL1-800-864,SR008,2,GT,fas,0.8535079219047619
SR008-TL1-800-864,SR008,2,GT,epi,0.8552078553968254
SR008-TR1-1210-1274,SR008,2,3D,fas,0.8561682522222223
SR008-TR1-1210-1274,SR008,2,3D,epi,0.8662004812698413
SR008-TR1-1210-1274,SR008,2,2D,fas,0.4842293303174603
SR008-TR1-1210-1274,SR008,2,2D,epi,0.6557592687301588
SR008-TR1-1210-1274,SR008,2,GT,fas,0.8033537420634921
SR008-TR1-1210-1274,SR008,2,GT,epi,0.8054495536507936
SR008-TR1-1430-1494,SR008,2,3D,fas,0.864546000952381
SR008-TR1-1430-1494,SR008,2,3D,epi,0.856247306984127
SR008-TR1-1430-1494,SR008,2,2D,fas,0.6192389274603175
SR008-TR1-1430-1494,SR008,2,2D,epi,0.6065607085714286
SR008-TR1-1430-1494,SR008,2,GT,fas,0.8312965150793651
SR008-TR1-1430-1494,SR008,2,GT,epi,0.8168240247619047
SR008-TR1-1760-1824,SR008,2,3D,fas,0.6795042750793651
SR008-TR1-1760-1824,SR008,2,3D,epi,0.6828755887301587
SR008-TR1-1760-1824,SR008,2,2D,fas,0.5336465215873016
SR008-TR1-1760-1824,SR008,2,2D,epi,0.5812716949206349
SR008-TR1-1760-1824,SR008,2,GT,fas,0.646577673015873
SR008-TR1-1760-1824,SR008,2,GT,epi,0.6423303101587302
SR008-TR1-2060-2124,SR008,2,3D,fas,0.8366798874603174
SR008-TR1-2060-2124,SR008,2,3D,epi,0.8116419531746032
SR008-TR1-2060-2124,SR008,2,2D,fas,0.6948977117460318
SR008-TR1-2060-2124,SR008,2,2D,epi,0.7058066706349206
SR008-TR1-2060-2124,SR008,2,GT,fas,0.8033632257142858
SR008-TR1-2060-2124,SR008,2,GT,epi,0.7734151452380953
SR008-TR1-670-734,SR008,2,3D,fas,0.9101083793650794
SR008-TR1-670-734,SR008,2,3D,epi,0.8721297188888889
SR008-TR1-670-734,SR008,2,2D,fas,0.5759392195238096
SR008-TR1-670-734,SR008,2,2D,epi,0.6653224115873015
SR008-TR1-670-734,SR008,2,GT,fas,0.8128303431746032
SR008-TR1-670-734,SR008,2,GT,epi,0.780433175079365
SR009-CL1-3900-3964,SR009,3,3D,fas,0.7922225838095238
SR009-CL1-3900-3964,SR009,3,3D,epi,0.6445909777777777
SR009-CL1-3900-3964,SR009,3,2D,fas,0.3148760477777778
SR009-CL1-3900-3964,SR009,3,2D,epi,0.4271215988888889
SR009-CL1-3900-3964,SR009,3,GT,fas,0.7130684717301587
SR009-CL1-3900-3964,SR009,3,GT,epi,0.5952688346031746
SR009-CL1-4400-4464,SR009,3,3D,fas,0.6733415482539683
SR009-CL1-4400-4464,SR009,3,3D,epi,0.6542081301587301
SR009-CL1-4400-4464,SR009,3,2D,fas,0.39544622825396825
SR009-CL1-4400-4464,SR009,3,2D,epi,0.5325960966666666
SR009-CL1-4400-4464,SR009,3,GT,fas,0.5837666061904762
SR009-CL1-4400-4464,SR009,3,GT,epi,0.6121278722222222
SR009-CL1-5380-5444,SR009,3,3D,fas,0.8030162825396825
SR009-CL1-5380-5444,SR009,3,3D,epi,0.7891125436507936
SR009-CL1-5380-5444,SR009,3,2D,fas,0.38966385936507936
SR009-CL1-5380-5444,SR009,3,2D,epi,0.5835816506349206
SR009-CL1-5380-5444,SR009,3,GT,fas,0.7320342522222222
SR009-CL1-5380-5444,SR009,3,GT,epi,0.7570690022222222
SR009-CL1-6980-7044,SR009,3,3D,fas,0.7462605676190476
SR009-CL1-6980-7044,SR009,3,3D,epi,0.7421971773015873
SR009-CL1-6980-7044,SR009,3,2D,fas,0.31520116063492065
SR009-CL1-6980-7044,SR009,3,2D,epi,0.4908413449206349
SR009-CL1-6980-7044,SR009,3,GT,fas,0.6910963055555556
SR009-CL1-6980-7044,SR009,3,GT,epi,0.7004206866666667
SR009-CL2-2000-2064,SR009,3,3D,fas,0.764332943968254
SR009-CL2-2000-2064,SR009,3,3D,epi,0.7469283449206349
SR009-CL2-2000-2064,SR009,3,2D,fas,0.49009041682539684
SR009-CL2-2000-2064,SR009,3,2D,epi,0.605054244920635
SR009-CL2-2000-2064,SR009,3,GT,fas,0.6945100933333334
SR009-CL2-2000-2064,SR009,3,GT,epi,0.6795588884126984
SR009-CL2-3128-3192,SR009,3,3D,fas,0.820609803015873
SR009-CL2-3128-3192,SR009,3,3D,epi,0.7960779222222222
SR009-CL2-3128-3192,SR009,3,2D,fas,0.514604993968254
SR009-CL2-3128-3192,SR009,3,2D,epi,0.635105036984127
SR009-CL2-3128-3192,SR009,3,GT,fas,0.7399938885714286
SR009-CL2-3128-3192,SR009,3,GT,epi,0.7330228441269842
SR009-CL2-6610-6674,SR009,3,3D,fas,0.8693057838095238
SR009-CL2-6610-6674,SR009,3,3D,epi,0.8542666915873016
SR009-CL2-6610-6674,SR009,3,2D,fas,0.482552163015873
SR009-CL2-6610-6674,SR009,3,2D,epi,0.6497344882539683
SR009-CL2-6610-6674,SR009,3,GT,fas,0.8133366238095238
SR009-CL2-6610-6674,SR009,3,GT,epi,0.7952149985714285
SR009-CL2-7170-7234,SR009,3,3D,fas,0.7989722761904762
SR009-CL2-7170-7234,SR009,3,3D,epi,0.7781161915873016
SR009-CL2-7170-7234,SR009,3,2D,fas,0.553056295079365
SR009-CL2-7170-7234,SR009,3,2D,epi,0.6489995542857143
SR009-CL2-7170-7234,SR009,3,GT,fas,0.7298171025396826
SR009-CL2-7170-7234,SR009,3,GT,epi,0.7211474073015873
SR009-CL2-910-974,SR009,3,3D,fas,0.7268020680952381
SR009-CL2-910-974,SR009,3,3D,epi,0.7098194473015873
SR009-CL2-910-974,SR009,3,2D,fas,0.5060496080952381
SR009-CL2-910-974,SR009,3,2D,epi,0.5840489192063492
SR009-CL2-910-974,SR009,3,GT,fas,0.6797940087301587
SR009-CL2-910-974,SR009,3,GT,epi,0.6668674904761904
SR009-CR1-3890-3954,SR009,3,3D,fas,0.7137161382539683
SR009-CR1-3890-3954,SR009,3,3D,epi,0.5889943196825397
SR009-CR1-3890-3954,SR009,3,2D,fas,0.09326002852380952
SR009-CR1-3890-3954,SR009,3,2D,epi,0.34474141126984126
SR009-CR1-3890-3954,SR009,3,GT,fas,0.6764873665079365
SR009-CR1-3890-3954,SR009,3,GT,epi,0.6240625325396826
SR009-CR1-7400-7464,SR009,3,3D,fas,0.756178686031746
SR009-CR1-7400-7464,SR009,3,3D,epi,0.700838430952381
SR009-CR1-7400-7464,SR009,3,2D,fas,0.3197730693650794
SR009-CR1-7400-7464,SR009,3,2D,epi,0.4106440173015873
SR009-CR1-7400-7464,SR009,3,GT,fas,0.7302410501587302
SR009-CR1-7400-7464,SR009,3,GT,epi,0.6922488047619048
SR009-CR2-1990-2054,SR009,3,3D,fas,0.8566115147619048
SR009-CR2-1990-2054,SR009,3,3D,epi,0.814027423968254
SR009-CR2-1990-2054,SR009,3,2D,fas,0.43677367206349205
SR009-CR2-1990-2054,SR009,3,2D,epi,0.606172322063492
SR009-CR2-1990-2054,SR009,3,GT,fas,0.7940505641269842
SR009-CR2-1990-2054,SR009,3,GT,epi,0.77684666
SR009-CR3-1300-1364,SR009,3,3D,fas,0.8159293622222222
SR009-CR3-1300-1364,SR009,3,3D,epi,0.8020802287301587
SR009-CR3-1300-1364,SR009,3,2D,fas,0.48987681539682537
SR009-CR3-1300-1364,SR009,3,2D,epi,0.604512824920635
SR009-CR3-1300-1364,SR009,3,GT,fas,0.7068204004761904
SR009-CR3-1300-1364,SR009,3,GT,epi,0.7167701588888888
SR009-CR3-2100-2164,SR009,3,3D,fas,0.768519023015873
SR009-CR3-2100-2164,SR009,3,3D,epi,0.6363035903174603
SR009-CR3-2100-2164,SR009,3,2D,fas,0.39017949888888886
SR009-CR3-2100-2164,SR009,3,2D,epi,0.44814522476190477
SR009-CR3-2100-2164,SR009,3,GT,fas,0.6781056365079365
SR009-CR3-2100-2164,SR009,3,GT,epi,0.5727052158730158
SR009-CR3-800-864,SR009,3,3D,fas,0.8567520342857143
SR009-CR3-800-864,SR009,3,3D,epi,0.8446507693650793
SR009-CR3-800-864,SR009,3,2D,fas,0.3950740542857143
SR009-CR3-800-864,SR009,3,2D,epi,0.542749819047619
SR009-CR3-800-864,SR009,3,GT,fas,0.7808098255555556
SR009-CR3-800-864,SR009,3,GT,epi,0.7783689495238095
SR009-TL1-4050-4114,SR009,3,3D,fas,0.7898775201587301
SR009-TL1-4050-4114,SR009,3,3D,epi,0.7596057214285714
SR009-TL1-4050-4114,SR009,3,2D,fas,0.5141815326984127
SR009-TL1-4050-4114,SR009,3,2D,epi,0.61132836
SR009-TL1-4050-4114,SR009,3,GT,fas,0.6947385304761905
SR009-TL1-4050-4114,SR009,3,GT,epi,0.6940974592063492
SR009-TL1-4520-4584,SR009,3,3D,fas,0.7502778215873016
SR009-TL1-4520-4584,SR009,3,3D,epi,0.729834363968254
SR009-TL1-4520-4584,SR009,3,2D,fas,0.5018641103174604
SR009-TL1-4520-4584,SR009,3,2D,epi,0.6018366252380952
SR009-TL1-4520-4584,SR009,3,GT,fas,0.6867882507936508
SR009-TL1-4520-4584,SR009,3,GT,epi,0.7007732925396826
SR009-TL1-6130-6194,SR009,3,3D,fas,0.8426918955555556
SR009-TL1-6130-6194,SR009,3,3D,epi,0.7811715234920635
SR009-TL1-6130-6194,SR009,3,2D,fas,0.5176963919047619
SR009-TL1-6130-6194,SR009,3,2D,epi,0.5902204671428571
SR009-TL1-6130-6194,SR009,3,GT,fas,0.7609096134920635
SR009-TL1-6130-6194,SR009,3,GT,epi,0.71318398
SR009-TR1-2930-2994,SR009,3,3D,fas,0.7717832031746031
SR009-TR1-2930-2994,SR009,3,3D,epi,0.7514098677777777
SR009-TR1-2930-2994,SR009,3,2D,fas,0.3622268715873016
SR009-TR1-2930-2994,SR009,3,2D,epi,0.574455826984127
SR009-TR1-2930-2994,SR009,3,GT,fas,0.6736884865079366
SR009-TR1-2930-2994,SR009,3,GT,epi,0.669339234920635
SR009-TR1-5300-5364,SR009,3,3D,fas,0.7656532158730158
SR009-TR1-5300-5364,SR009,3,3D,epi,0.7681692215873016
SR009-TR1-5300-5364,SR009,3,2D,fas,0.36992428365079366
SR009-TR1-5300-5364,SR009,3,2D,epi,0.5151161060317461
SR009-TR1-5300-5364,SR009,3,GT,fas,0.7034201187301587
SR009-TR1-5300-5364,SR009,3,GT,epi,0.6862174495238095
SR010-CL1-4068-4132,SR010,4,3D,fas,0.8312795015873016
SR010-CL1-4068-4132,SR010,4,3D,epi,0.7932257276190476
SR010-CL1-4068-4132,SR010,4,2D,fas,0.4361466584126984
SR010-CL1-4068-4132,SR010,4,2D,epi,0.5957948855555556
SR010-CL1-4068-4132,SR010,4,GT,fas,0.7934645907936508
SR010-CL1-4068-4132,SR010,4,GT,epi,0.7537759574603174
SR010-CL1-6954-7018,SR010,4,3D,fas,0.8791647152380953
SR010-CL1-6954-7018,SR010,4,3D,epi,0.8739678906349206
SR010-CL1-6954-7018,SR010,4,2D,fas,0.5482387084126984
SR010-CL1-6954-7018,SR010,4,2D,epi,0.6844782606349207
SR010-CL1-6954-7018,SR010,4,GT,fas,0.8725559419047619
SR010-CL1-6954-7018,SR010,4,GT,epi,0.8675155236507937
SR010-CL2-1125-1189,SR010,4,3D,fas,0.8874980952380952
SR010-CL2-1125-1189,SR010,4,3D,epi,0.8926689401587301
SR010-CL2-1125-1189,SR010,4,2D,fas,0.5661810322222223
SR010-CL2-1125-1189,SR010,4,2D,epi,0.7205698952380952
SR010-CL2-1125-1189,SR010,4,GT,fas,0.8753616006031746
SR010-CL2-1125-1189,SR010,4,GT,epi,0.8736362352380952
SR010-CL2-3303-3367,SR010,4,3D,fas,0.9102684098412699
SR010-CL2-3303-3367,SR010,4,3D,epi,0.8777702126984127
SR010-CL2-3303-3367,SR010,4,2D,fas,0.6168679222222222
SR010-CL2-3303-3367,SR010,4,2D,epi,0.72564579
SR010-CL2-3303-3367,SR010,4,GT,fas,0.8885228314285715
SR010-CL2-3303-3367,SR010,4,GT,epi,0.8557945119047619
SR010-CL2-997-1061,SR010,4,3D,fas,0.8762613655555556
SR010-CL2-997-1061,SR010,4,3D,epi,0.8638136598412698
SR010-CL2-997-1061,SR010,4,2D,fas,0.5691862050793651
SR010-CL2-997-1061,SR010,4,2D,epi,0.7019907777777777
SR010-CL2-997-1061,SR010,4,GT,fas,0.8810934853968254
SR010-CL2-997-1061,SR010,4,GT,epi,0.8655547657142857
SR010-CR1-5758-5822,SR010,4,3D,fas,0.8304147933333333
SR010-CR1-5758-5822,SR010,4,3D,epi,0.8258407647619047
SR010-CR1-5758-5822,SR010,4,2D,fas,0.4575935398412698
SR010-CR1-5758-5822,SR010,4,2D,epi,0.6144986038095238
SR010-CR1-5758-5822,SR010,4,GT,fas,0.858169292063492
SR010-CR1-5758-5822,SR010,4,GT,epi,0.8335476517460317
SR010-CR1-7692-7756,SR010,4,3D,fas,0.8820547584126984
SR010-CR1-7692-7756,SR010,4,3D,epi,0.8400151276190476
SR010-CR1-7692-7756,SR010,4,2D,fas,0.6184967920634921
SR010-CR1-7692-7756,SR010,4,2D,epi,0.6679733519047619
SR010-CR1-7692-7756,SR010,4,GT,fas,0.8408191791269841
SR010-CR1-7692-7756,SR010,4,GT,epi,0.8139158346031746
SR010-TL1-1100-1164,SR010,4,3D,fas,0.9193123007936508
SR010-TL1-1100-1164,SR010,4,3D,epi,0.9134224466666667
SR010-TL1-1100-1164,SR010,4,2D,fas,0.6181709485714286
SR010-TL1-1100-1164,SR010,4,2D,epi,0.7318106047619047
SR010-TL1-1100-1164,SR010,4,GT,fas,0.8390191157142857
SR010-TL1-1100-1164,SR010,4,GT,epi,0.8378864988888889
SR010-TL1-2764-2828,SR010,4,3D,fas,0.8969275176190477
SR010-TL1-2764-2828,SR010,4,3D,epi,0.8771402139682539
SR010-TL1-2764-2828,SR010,4,2D,fas,0.4862571301587302
SR010-TL1-2764-2828,SR010,4,2D,epi,0.6210666706349206
SR010-TL1-2764-2828,SR010,4,GT,fas,0.8403169593650793
SR010-TL1-2764-2828,SR010,4,GT,epi,0.8103608106349206
SR010-TL1-4236-4300,SR010,4,3D,fas,0.7909194917460317
SR010-TL1-4236-4300,SR010,4,3D,epi,0.7599912776190476
SR010-TL1-4236-4300,SR010,4,2D,fas,0.4872665492063492
SR010-TL1-4236-4300,SR010,4,2D,epi,0.6139212858730159
SR010-TL1-4236-4300,SR010,4,GT,fas,0.7011538238095238
SR010-TL1-4236-4300,SR010,4,GT,epi,0.6669436444444444
SR010-TR1-1055-1119,SR010,4,3D,fas,0.894028060952381
SR010-TR1-1055-1119,SR010,4,3D,epi,0.8897774401587302
SR010-TR1-1055-1119,SR010,4,2D,fas,0.33062759174603173
SR010-TR1-1055-1119,SR010,4,2D,epi,0.5196951484126984
SR010-TR1-1055-1119,SR010,4,GT,fas,0.8607674293650793
SR010-TR1-1055-1119,SR010,4,GT,epi,0.8640048877777777
SR010-TR1-1183-1247,SR010,4,3D,fas,0.8513079482539683
SR010-TR1-1183-1247,SR010,4,3D,epi,0.8724475580952381
SR010-TR1-1183-1247,SR010,4,2D,fas,0.28298294317460315
SR010-TR1-1183-1247,SR010,4,2D,epi,0.5283157193650794
SR010-TR1-1183-1247,SR010,4,GT,fas,0.8464769896825397
SR010-TR1-1183-1247,SR010,4,GT,epi,0.8736008444444444
SR010-TR1-119-183,SR010,4,3D,fas,0.8778175393650793
SR010-TR1-119-183,SR010,4,3D,epi,0.8161972233333333
SR010-TR1-119-183,SR010,4,2D,fas,0.6678833634920635
SR010-TR1-119-183,SR010,4,2D,epi,0.6126362893650794
SR010-TR1-119-183,SR010,4,GT,fas,0.8763251692063492
SR010-TR1-119-183,SR010,4,GT,epi,0.8164173947619048
SR010-TR1-1439-1503,SR010,4,3D,fas,0.8642263096825397
SR010-TR1-1439-1503,SR010,4,3D,epi,0.8207094461904761
SR010-TR1-1439-1503,SR010,4,2D,fas,0.40342681253968254
SR010-TR1-1439-1503,SR010,4,2D,epi,0.5462762184126985
SR010-TR1-1439-1503,SR010,4,GT,fas,0.8077087306349207
SR010-TR1-1439-1503,SR010,4,GT,epi,0.7867444303174603
SR010-TR1-1619-1683,SR010,4,3D,fas,0.7416992487301587
SR010-TR1-1619-1683,SR010,4,3D,epi,0.7187757831746032
SR010-TR1-1619-1683,SR010,4,2D,fas,0.3480310982539683
SR010-TR1-1619-1683,SR010,4,2D,epi,0.5011126363492063
SR010-TR1-1619-1683,SR010,4,GT,fas,0.7815540877777778
SR010-TR1-1619-1683,SR010,4,GT,epi,0.7355133406349206
SR010-TR1-1747-1811,SR010,4,3D,fas,0.7698294244444445
SR010-TR1-1747-1811,SR010,4,3D,epi,0.7432502149206349
SR010-TR1-1747-1811,SR010,4,2D,fas,0.45388589587301587
SR010-TR1-1747-1811,SR010,4,2D,epi,0.5723031153968254
SR010-TR1-1747-1811,SR010,4,GT,fas,0.804144523015873
SR010-TR1-1747-1811,SR010,4,GT,epi,0.759967743968254
SR010-TR1-183-247,SR010,4,3D,fas,0.850052386031746
SR010-TR1-183-247,SR010,4,3D,epi,0.7894213392063492
SR010-TR1-183-247,SR010,4,2D,fas,0.556803509047619
SR010-TR1-183-247,SR010,4,2D,epi,0.6094660063492063
SR010-TR1-183-247,SR010,4,GT,fas,0.8525801247619048
SR010-TR1-183-247,SR010,4,GT,epi,0.8340004893650794
SR010-TR1-1875-1939,SR010,4,3D,fas,0.7091165604761904
SR010-TR1-1875-1939,SR010,4,3D,epi,0.648876845079365
SR010-TR1-1875-1939,SR010,4,2D,fas,0.4031597722222222
SR010-TR1-1875-1939,SR010,4,2D,epi,0.4918417449206349
SR010-TR1-1875-1939,SR010,4,GT,fas,0.7270294352380953
SR010-TR1-1875-1939,SR010,4,GT,epi,0.648235683015873
SR010-TR1-619-683,SR010,4,3D,fas,0.9163554373015873
SR010-TR1-619-683,SR010,4,3D,epi,0.8863795757142857
SR010-TR1-619-683,SR010,4,2D,fas,0.6964548092063492
SR010-TR1-619-683,SR010,4,2D,epi,0.7455159511111111
SR010-TR1-619-683,SR010,4,GT,fas,0.9030955992063492
SR010-TR1-619-683,SR010,4,GT,epi,0.8800348295238095
SR010-TR1-939-1003,SR010,4,3D,fas,0.9032938323809524
SR010-TR1-939-1003,SR010,4,3D,epi,0.9024016866666666
SR010-TR1-939-1003,SR010,4,2D,fas,0.5204231644444445
SR010-TR1-939-1003,SR010,4,2D,epi,0.6428918077777778
SR010-TR1-939-1003,SR010,4,GT,fas,0.9025505944444444
SR010-TR1-939-1003,SR010,4,GT,epi,0.9019686068253968
SR011-CL1-2300-2364,SR011,5,3D,fas,0.7047942871428572
SR011-CL1-2300-2364,SR011,5,3D,epi,0.6030578936507937
SR011-CL1-2300-2364,SR011,5,2D,fas,0.17549062190476192
SR011-CL1-2300-2364,SR011,5,2D,epi,0.3322953363492063
SR011-CL1-2300-2364,SR011,5,GT,fas,0.6409194492063492
SR011-CL1-2300-2364,SR011,5,GT,epi,0.5425974934920635
SR011-CL1-2850-2914,SR011,5,3D,fas,0.7999132785714286
SR011-CL1-2850-2914,SR011,5,3D,epi,0.7511469506349207
SR011-CL1-2850-2914,SR011,5,2D,fas,0.3979302023809524
SR011-CL1-2850-2914,SR011,5,2D,epi,0.5138798922222222
SR011-CL1-2850-2914,SR011,5,GT,fas,0.7592248093650794
SR011-CL1-2850-2914,SR011,5,GT,epi,0.6719222147619047
SR011-CL1-7000-7064,SR011,5,3D,fas,0.7160774055555555
SR011-CL1-7000-7064,SR011,5,3D,epi,0.7121003596825397
SR011-CL1-7000-7064,SR011,5,2D,fas,0.3377514504761905
SR011-CL1-7000-7064,SR011,5,2D,epi,0.47351024523809526
SR011-CL1-7000-7064,SR011,5,GT,fas,0.7581708822222222
SR011-CL1-7000-7064,SR011,5,GT,epi,0.7038986015873016
SR011-CL2-4040-4104,SR011,5,3D,fas,0.6528145446031746
SR011-CL2-4040-4104,SR011,5,3D,epi,0.6874386177777778
SR011-CL2-4040-4104,SR011,5,2D,fas,0.3548068765079365
SR011-CL2-4040-4104,SR011,5,2D,epi,0.49332932634920634
SR011-CL2-4040-4104,SR011,5,GT,fas,0.5794520492063492
SR011-CL2-4040-4104,SR011,5,GT,epi,0.6250450207936508
SR011-CR1-1850-1914,SR011,5,3D,fas,0.6966463907936508
SR011-CR1-1850-1914,SR011,5,3D,epi,0.5172847182539683
SR011-CR1-1850-1914,SR011,5,2D,fas,0.1523764107936508
SR011-CR1-1850-1914,SR011,5,2D,epi,0.26079215634920633
SR011-CR1-1850-1914,SR011,5,GT,fas,0.7076649152380953
SR011-CR1-1850-1914,SR011,5,GT,epi,0.5470928571428572
SR011-CR1-6100-6164,SR011,5,3D,fas,0.7608280417460318
SR011-CR1-6100-6164,SR011,5,3D,epi,0.7356551876190476
SR011-CR1-6100-6164,SR011,5,2D,fas,0.4530447042857143
SR011-CR1-6100-6164,SR011,5,2D,epi,0.5544318163492064
SR011-CR1-6100-6164,SR011,5,GT,fas,0.690232103015873
SR011-CR1-6100-6164,SR011,5,GT,epi,0.661188540952381
SR011-CR1-6780-6844,SR011,5,3D,fas,0.657833995079365
SR011-CR1-6780-6844,SR011,5,3D,epi,0.7360403600000001
SR011-CR1-6780-6844,SR011,5,2D,fas,0.334444903968254
SR011-CR1-6780-6844,SR011,5,2D,epi,0.46041614746031745
SR011-CR1-6780-6844,SR011,5,GT,fas,0.6607603535714286
SR011-CR1-6780-6844,SR011,5,GT,epi,0.6563289896825397
SR011-TL1-4428-4492,SR011,5,3D,fas,0.9316124192063492
SR011-TL1-4428-4492,SR011,5,3D,epi,0.83493942
SR011-TL1-4428-4492,SR011,5,2D,fas,0.6729033039682539
SR011-TL1-4428-4492,SR011,5,2D,epi,0.7130718903174603
SR011-TL1-4428-4492,SR011,5,GT,fas,0.9116272477777778
SR011-TL1-4428-4492,SR011,5,GT,epi,0.8321911901587301
SR011-TL1-5500-5564,SR011,5,3D,fas,0.8786908439682539
SR011-TL1-5500-5564,SR011,5,3D,epi,0.8498856626984127
SR011-TL1-5500-5564,SR011,5,2D,fas,0.5803007815873016
SR011-TL1-5500-5564,SR011,5,2D,epi,0.7002980863492063
SR011-TL1-5500-5564,SR011,5,GT,fas,0.8388120226349206
SR011-TL1-5500-5564,SR011,5,GT,epi,0.8221962925396825
SR011-TL1-6164-6228,SR011,5,3D,fas,0.8856896873015873
SR011-TL1-6164-6228,SR011,5,3D,epi,0.8458383601587302
SR011-TL1-6164-6228,SR011,5,2D,fas,0.6913827979365079
SR011-TL1-6164-6228,SR011,5,2D,epi,0.7430987625396825
SR011-TL1-6164-6228,SR011,5,GT,fas,0.8842476055555556
SR011-TL1-6164-6228,SR011,5,GT,epi,0.8477426682539683
SR011-TL1-6700-6764,SR011,5,3D,fas,0.8520193438095238
SR011-TL1-6700-6764,SR011,5,3D,epi,0.830192503968254
SR011-TL1-6700-6764,SR011,5,2D,fas,0.5733729082539682
SR011-TL1-6700-6764,SR011,5,2D,epi,0.6872163019047619
SR011-TL1-6700-6764,SR011,5,GT,fas,0.8259833676190477
SR011-TL1-6700-6764,SR011,5,GT,epi,0.8090391085714286
SR011-TL1-7148-7212,SR011,5,3D,fas,0.7476412866666666
SR011-TL1-7148-7212,SR011,5,3D,epi,0.6748444373015873
SR011-TL1-7148-7212,SR011,5,2D,fas,0.4120030150793651
SR011-TL1-7148-7212,SR011,5,2D,epi,0.4933188628571429
SR011-TL1-7148-7212,SR011,5,GT,fas,0.7278974482539683
SR011-TL1-7148-7212,SR011,5,GT,epi,0.6687273303174603
SR011-TL1-7268-7332,SR011,5,3D,fas,0.683830305079365
SR011-TL1-7268-7332,SR011,5,3D,epi,0.6332617885714286
SR011-TL1-7268-7332,SR011,5,2D,fas,0.4499386476190476
SR011-TL1-7268-7332,SR011,5,2D,epi,0.5068028273015873
SR011-TL1-7268-7332,SR011,5,GT,fas,0.5562244511111111
SR011-TL1-7268-7332,SR011,5,GT,epi,0.5714712352380953
SR011-TL1-7428-7492,SR011,5,3D,fas,0.613165587936508
SR011-TL1-7428-7492,SR011,5,3D,epi,0.5908764253968254
SR011-TL1-7428-7492,SR011,5,2D,fas,0.3915587742857143
SR011-TL1-7428-7492,SR011,5,2D,epi,0.36865867253968254
SR011-TL1-7428-7492,SR011,5,GT,fas,0.5900846993650793
SR011-TL1-7428-7492,SR011,5,GT,epi,0.5599384522222223
SR011-TL1-7492-7556,SR011,5,3D,fas,0.5726721947619048
SR011-TL1-7492-7556,SR011,5,3D,epi,0.6025408549206349
SR011-TL1-7492-7556,SR011,5,2D,fas,0.36007524206349206
SR011-TL1-7492-7556,SR011,5,2D,epi,0.33390062634920636
SR011-TL1-7492-7556,SR011,5,GT,fas,0.5532433877777778
SR011-TL1-7492-7556,SR011,5,GT,epi,0.588947597936508
SR011-TL1-7556-7620,SR011,5,3D,fas,0.5705491326984127
SR011-TL1-7556-7620,SR011,5,3D,epi,0.6064446161904762
SR011-TL1-7556-7620,SR011,5,2D,fas,0.3826881807936508
SR011-TL1-7556-7620,SR011,5,2D,epi,0.3304112565079365
SR011-TL1-7556-7620,SR011,5,GT,fas,0.5588339842857143
SR011-TL1-7556-7620,SR011,5,GT,epi,0.5834153665079365
SR011-TL1-7620-7684,SR011,5,3D,fas,0.546293266031746
SR011-TL1-7620-7684,SR011,5,3D,epi,0.5766412795238095
SR011-TL1-7620-7684,SR011,5,2D,fas,0.3244558374603175
SR011-TL1-7620-7684,SR011,5,2D,epi,0.2829532619047619
SR011-TL1-7620-7684,SR011,5,GT,fas,0.5431801028571429
SR011-TL1-7620-7684,SR011,5,GT,epi,0.5632375274603174
SR011-TL1-7684-7748,SR011,5,3D,fas,0.606388440952381
SR011-TL1-7684-7748,SR011,5,3D,epi,0.5460402990476191
SR011-TL1-7684-7748,SR011,5,2D,fas,0.3618070528571429
SR011-TL1-7684-7748,SR011,5,2D,epi,0.29268730095238094
SR011-TL1-7684-7748,SR011,5,GT,fas,0.5885697506349207
SR011-TL1-7684-7748,SR011,5,GT,epi,0.5548306980952381
SR011-TL1-7748-7812,SR011,5,3D,fas,0.5891783531746032
SR011-TL1-7748-7812,SR011,5,3D,epi,0.5184292104761905
SR011-TL1-7748-7812,SR011,5,2D,fas,0.36785387063492064
SR011-TL1-7748-7812,SR011,5,2D,epi,0.2586902165079365
SR011-TL1-7748-7812,SR011,5,GT,fas,0.5806468490476191
SR011-TL1-7748-7812,SR011,5,GT,epi,0.5141144446031746
SR011-TL1-7812-7876,SR011,5,3D,fas,0.6046673825396826
SR011-TL1-7812-7876,SR011,5,3D,epi,0.5640515646031746
SR011-TL1-7812-7876,SR011,5,2D,fas,0.3559921296825397
SR011-TL1-7812-7876,SR011,5,2D,epi,0.2645540055555556
SR011-TL1-7812-7876,SR011,5,GT,fas,0.5788718223809524
SR011-TL1-7812-7876,SR011,5,GT,epi,0.5651799436507936
