id,subject,fold,model,class,DSC,IoU,Sensitivity,Specificity,tp,fp,fn,tn
SR007-CL1-4300-4364,SR007,1,3D,epi,0.9680667857073855,0.9381099205833691,0.9918339948311383,0.9982322551606355,8968768,517856,73842,292429400
SR007-CL1-4300-4364,SR007,1,3D,fas,0.9270281838733987,0.863981858554258,0.8854680120658425,0.9998199447804422,1922135,53984,248621,299765150
SR007-CL1-4300-4364,SR007,1,2D,epi,0.9585358681804179,0.9203733848286478,0.9605389373200879,0.9986529179531781,8685779,394624,356831,292552640
SR007-CL1-4300-4364,SR007,1,2D,fas,0.9045513739069928,0.8257360065648512,0.9437850223608734,0.9989649226392274,2048727,310336,122029,299508800
SR007-CL1-5700-5764,SR007,1,3D,epi,0.9454237325569776,0.8964963101713815,0.9787326670464991,0.99833629531152,5265156,493472,114409,296116860
SR007-CL1-5700-5764,SR007,1,3D,fas,0.951308749637698,0.9071390166639034,0.9347302821031256,0.9996861077878905,2883384,93824,201339,298811330
SR007-CL1-5700-5764,SR007,1,2D,epi,0.9349042360384835,0.877765425111824,0.9476738360815419,0.9985555190407585,5098073,428448,281492,296181900
SR007-CL1-5700-5764,SR007,1,2D,fas,0.9404940423597556,0.8876722547690484,0.9651521384578129,0.9990992192613558,2977227,269248,107496,298635900
SR007-CL2-2610-2674,SR007,1,3D,epi,0.9583208448239764,0.9199769814555219,0.9602730564152389,0.999699988854938,1972760,89984,81614,299845540
SR007-CL2-2610-2674,SR007,1,3D,fas,0.9482520650875638,0.9015963175306932,0.9666107952850089,0.9998154698591408,745081,55584,25737,301163500
SR007-CL2-2610-2674,SR007,1,2D,epi,0.947260739299801,0.8998056543172506,0.9433949222488213,0.9996681953507874,1938086,99520,116288,299836000
SR007-CL2-2610-2674,SR007,1,2D,fas,0.9249827304854485,0.8604352290109215,0.9589163719581016,0.9997071101812098,739150,88224,31668,301130850
SR007-CL2-3900-3964,SR007,1,3D,epi,0.9532735147081227,0.9107188249299955,0.9841619005719313,0.9996298727943211,1357859,111264,21852,300498900
SR007-CL2-3900-3964,SR007,1,3D,fas,0.9419244385451402,0.8902241700488657,0.9032823020857493,0.9999733547682369,494613,8032,52960,301434270
SR007-CL2-3900-3964,SR007,1,2D,epi,0.9430332376848969,0.8922070885363941,0.9703032011776379,0.9995982571022015,1338738,120768,40973,300489400
SR007-CL2-3900-3964,SR007,1,2D,fas,0.930211405800973,0.8695282515116377,0.9189203996544753,0.9998968160752911,503176,31104,44397,301411200
SR007-CL2-440-504,SR007,1,3D,epi,0.8228564393614141,0.6990281108236489,0.9827616046145269,0.9952464326753856,3435482,1418912,60261,297075230
SR007-CL2-440-504,SR007,1,3D,fas,0.8942776341516215,0.8087723119044232,0.8257668305185658,0.9998455432952877,1819673,46304,383943,299739970
SR007-CL2-440-504,SR007,1,2D,epi,0.8071127432964282,0.6766043804733115,0.9655558203220317,0.994998575281942,3375335,1492896,120408,297001250
SR007-CL2-440-504,SR007,1,2D,fas,0.9322010341956863,0.8730117410195384,0.916178680859097,0.9996365410476117,2018906,108960,184710,299677300
SR007-CL2-7230-7294,SR007,1,3D,epi,0.9543394210634281,0.912666538537757,0.9729381128654369,0.9997933617927682,916497,62208,25492,300985700
SR007-CL2-7230-7294,SR007,1,3D,fas,0.9478843002237308,0.900931618476273,0.9351231116191417,0.9999266374603779,544842,22112,37800,301385120
SR007-CL2-7230-7294,SR007,1,2D,epi,0.9421451943851262,0.8906186268516388,0.9573307119297572,0.9997656186939022,901795,70560,40194,300977340
SR007-CL2-7230-7294,SR007,1,2D,fas,0.9458424183282254,0.8972495524134317,0.958207612908098,0.999868669376396,558292,39584,24350,301367650
SR007-CL3-1040-1104,SR007,1,3D,epi,0.9297039631443561,0.8686418814328002,0.981475450889406,0.9995639837847898,991566,131232,18715,300848400
SR007-CL3-1040-1104,SR007,1,3D,fas,0.9612515018797722,0.9253938789026427,0.950746406928343,0.9999430854027026,595230,17152,30836,301346660
SR007-CL3-1040-1104,SR007,1,2D,epi,0.9202918351600742,0.8523523903299497,0.9450895344958482,0.9996347925484124,954806,109920,55475,300869700
SR007-CL3-1040-1104,SR007,1,2D,fas,0.9457186579831374,0.8970268374226916,0.9762548996431686,0.9998165141243442,611200,55296,14866,301308500
SR007-CR1-2630-2694,SR007,1,3D,epi,0.9725819139020899,0.9466272076209155,0.9906861339490781,0.9976844068089947,14179120,666144,133304,287011330
SR007-CR1-2630-2694,SR007,1,3D,fas,0.9369941866190805,0.8814572552890791,0.9159136465468266,0.9996834870011687,2221609,94816,203957,299469500
SR007-CR1-2630-2694,SR007,1,2D,epi,0.9266557392609651,0.8633350670016443,0.9194805855388297,0.996764487831797,13159996,930784,1152428,286746700
SR007-CR1-2630-2694,SR007,1,2D,fas,0.7854433758277974,0.6466914429478551,0.9526968138570544,0.9961686225359733,2310829,1147744,114737,298416580
SR007-CR1-3600-3664,SR007,1,3D,epi,0.9657173895475358,0.9337074604058815,0.9833784743078687,0.9983365830426145,9004305,487104,152195,292346270
SR007-CR1-3600-3664,SR007,1,3D,fas,0.9499976193288586,0.904757586093889,0.9349983093859628,0.9995948157028461,3381916,120896,235113,298251970
SR007-CR1-3600-3664,SR007,1,2D,epi,0.9414015801507225,0.8892905586282273,0.9643271992573582,0.9973616122408013,8829862,772608,326638,292060770
SR007-CR1-3600-3664,SR007,1,2D,fas,0.935920272012878,0.879558408450579,0.9567352100301103,0.9989363108193521,3460539,317376,156490,298055500
SR007-CR1-4670-4734,SR007,1,3D,epi,0.9478822509195192,0.9009279158610713,0.9684194740433433,0.9982929312753515,6515717,504032,212480,294757660
SR007-CR1-4670-4734,SR007,1,3D,fas,0.9328713592402988,0.8741882877177555,0.9017023750938374,0.9996890266718084,2664150,92992,290428,298942300
SR007-CR1-4670-4734,SR007,1,2D,epi,0.9423777283593203,0.8910343074540389,0.9596747836010152,0.9982445945648272,6456881,518304,271316,294743400
SR007-CR1-4670-4734,SR007,1,2D,fas,0.9278565430125927,0.865422007629237,0.9240412674838844,0.9993307545920549,2730152,200128,224426,298835170
SR007-CR1-5470-5534,SR007,1,3D,epi,0.9423195408626156,0.8909302736207738,0.9640240112464072,0.9986764803837302,4621936,393344,172484,296802100
SR007-CR1-5470-5534,SR007,1,3D,fas,0.9468563715895546,0.8990762000988274,0.9407123904957633,0.99960544849236,2399905,118144,151252,299320580
SR007-CR1-5470-5534,SR007,1,2D,epi,0.9294857906059107,0.8682610491756102,0.9363887602671439,0.9987341932809928,4489441,376192,304979,296819260
SR007-CR1-5470-5534,SR007,1,2D,fas,0.9283060739092968,0.8662044743460916,0.9572539047969215,0.9991044578336429,2442105,268160,109052,299170560
SR007-CR2-3970-4034,SR007,1,3D,epi,0.9291716749245612,0.8677130153977782,0.9747868832738229,0.9993237620050857,1604430,203104,41499,300140860
SR007-CR2-3970-4034,SR007,1,3D,fas,0.9513775945114488,0.9072642254560674,0.9289025331474847,0.9999312437700459,806371,20704,61719,301101100
SR007-CR2-3970-4034,SR007,1,2D,epi,0.9212674170441542,0.8540276168536416,0.9516254953889263,0.9993737313837029,1566308,188096,79621,300155870
SR007-CR2-3970-4034,SR007,1,2D,fas,0.941350511152708,0.889199419703773,0.9503634415786382,0.9998017014989071,825001,59712,43089,301062080
SR007-CR2-520-584,SR007,1,3D,epi,0.9399967167178992,0.8867866086295282,0.9898853341919244,0.9995775825269756,1082206,127104,11058,300769540
SR007-CR2-520-584,SR007,1,3D,fas,0.9565993709548487,0.9168092718424589,0.9269685832667708,0.9999695046920472,768266,9184,60528,301151900
SR007-CR2-520-584,SR007,1,2D,epi,0.937394107375944,0.8821653577142252,0.9764640562572261,0.9996116141461517,1067533,116864,25731,300779780
SR007-CR2-520-584,SR007,1,2D,fas,0.9583463964661837,0.9200240782684258,0.9478736573865159,0.9999166957452352,785592,25088,43202,301136000
SR007-CR2-7675-7739,SR007,1,3D,epi,0.8564393597733947,0.7489234323452096,0.7973896787895698,0.9995257526523491,1751842,142176,445129,299650750
SR007-CR2-7675-7739,SR007,1,3D,fas,0.954811703123133,0.9135308020346298,0.9321909046106095,0.9999482649201527,711202,15584,51734,301211360
SR007-CR2-7675-7739,SR007,1,2D,epi,0.8692057185162041,0.7686683004583797,0.8053465430358434,0.9996503186406009,1769323,104832,427648,299688100
SR007-CR2-7675-7739,SR007,1,2D,fas,0.9451002206424448,0.8959147012221583,0.9308618285151048,0.9999012040622127,710188,29760,52748,301197200
SR007-TL1-3150-3214,SR007,1,3D,epi,0.9271851896906012,0.864254651204155,0.9553075234287961,0.9995724029513825,1166163,128608,54557,300640540
SR007-TL1-3150-3214,SR007,1,3D,fas,0.9580193892880217,0.9194215126838237,0.968746648721029,0.9998188278841907,984637,54528,31766,300918940
SR007-TL1-3150-3214,SR007,1,2D,epi,0.9215146881790008,0.8544527014679905,0.9192968084409201,0.9996919896768665,1122204,92640,98516,300676500
SR007-TL1-3150-3214,SR007,1,2D,fas,0.9444026784124953,0.8946618744657434,0.9813322077955299,0.9996728482348862,997429,98464,18974,300875000
SR007-TL1-370-434,SR007,1,3D,epi,0.7462608389927495,0.5952281480887983,0.9662496739452799,0.9970982990904899,1352078,872224,47227,299718370
SR007-TL1-370-434,SR007,1,3D,fas,0.9413777475453767,0.88924802531083,0.9406543262031295,0.9998833107023297,572248,35168,36103,301346370
SR007-TL1-370-434,SR007,1,2D,epi,0.7990693806537864,0.6653751413955951,0.9538120709923855,0.9979819993834005,1334674,606592,64631,299984000
SR007-TL1-370-434,SR007,1,2D,fas,0.93611937819465,0.8799101694380936,0.9634996901459848,0.9998082430611575,586146,57792,22205,301323740
SR007-TL1-4680-4744,SR007,1,3D,epi,0.9606900750853159,0.9243537967408307,0.9617346496833484,0.999554549232253,3164308,133056,125901,298566620
SR007-TL1-4680-4744,SR007,1,3D,fas,0.9523591517853979,0.90905118238604,0.9455668965672526,0.9999052573456974,671917,28544,38680,301250750
SR007-TL1-4680-4744,SR007,1,2D,epi,0.9476184968287864,0.9004514940382954,0.9300260257023186,0.9996382185418193,3059980,108064,230229,298591600
SR007-TL1-4680-4744,SR007,1,2D,fas,0.937681870153516,0.8826752022852333,0.974058432557413,0.9997558146195628,692163,73568,18434,301205730
SR007-TL2-2216-2280,SR007,1,3D,epi,0.9574882640813505,0.9184436309847608,0.9678143565047574,0.9991187912739281,4713945,261824,156767,296857340
SR007-TL2-2216-2280,SR007,1,3D,fas,0.8806733171218811,0.7867884600565498,0.9135806434590685,0.9997670732427975,398196,70240,37667,301483780
SR007-TL2-2216-2280,SR007,1,2D,epi,0.9538205929492407,0.9117179964745402,0.9455128942134128,0.9993923515482158,4605321,180544,265391,296938620
SR007-TL2-2216-2280,SR007,1,2D,fas,0.7939964311402441,0.6583698851662159,0.9611460481848654,0.9993352832725313,418928,200448,16935,301353570
SR007-TR1-2760-2824,SR007,1,3D,epi,0.9516306866590494,0.907724667776078,0.9654260501117332,0.997867338937332,9463892,623136,338922,291563940
SR007-TR1-2760-2824,SR007,1,3D,fas,0.9195040075298361,0.8510017750530681,0.9108161354141041,0.999774103212176,881180,68000,86282,300954430
SR007-TR1-2760-2824,SR007,1,2D,epi,0.9512697533553239,0.9070681010668199,0.9438408195850702,0.9986398850478899,9252296,397408,550518,291789660
SR007-TR1-2760-2824,SR007,1,2D,fas,0.9077739719976475,0.8311228159046329,0.9293460621709173,0.999620174490914,899107,114336,68355,300908100
SR007-TR1-5340-5404,SR007,1,3D,epi,0.9381741108147438,0.8835479718191925,0.9822346749812463,0.9987122736763575,3380838,384448,61148,298163460
SR007-TR1-5340-5404,SR007,1,3D,fas,0.8188253835624348,0.6932297495792964,0.7236758841547981,0.9998785484289933,602678,36576,230123,301120500
SR007-TR1-5340-5404,SR007,1,2D,epi,0.9265768398031465,0.8631981069173346,0.9591143020337677,0.9987189191587826,3301258,382464,140728,298165440
SR007-TR1-5340-5404,SR007,1,2D,fas,0.8322942845487034,0.712760307272314,0.8169970977460401,0.9995955864788334,680396,121792,152405,301035300
SR008-CL1-5080-5144,SR008,2,3D,epi,0.9309053055803558,0.8707416755872087,0.930134446902686,0.9993515406195331,2645254,193984,198694,298951970
SR008-CL1-5080-5144,SR008,2,3D,fas,0.9422301937439543,0.8907705515616472,0.9540607536955336,0.9995972931417538,1623799,120928,78188,300166980
SR008-CL1-5080-5144,SR008,2,2D,epi,0.9178910870141261,0.8482427933075425,0.9427514145828264,0.9989407712684367,2681136,316864,162812,298829100
SR008-CL1-5080-5144,SR008,2,2D,fas,0.939043127541206,0.8850907627988215,0.9462134552144053,0.9996085889652845,1610443,117536,91544,300170370
SR008-CL2-1890-1954,SR008,2,3D,epi,0.9716854596783185,0.9449301955550993,0.9592077840879487,0.9999227836391579,1472806,23200,62634,300431260
SR008-CL2-1890-1954,SR008,2,3D,fas,0.9669982833216143,0.936105204578938,0.9658129121344075,0.9999334213049913,610613,20064,21614,301337600
SR008-CL2-1890-1954,SR008,2,2D,epi,0.9730759479728589,0.9475636937824308,0.9723870682019486,0.9998661228078808,1493042,40224,42398,300414240
SR008-CL2-1890-1954,SR008,2,2D,fas,0.9576746320952487,0.9187866491442449,0.9454800253706342,0.9999390491699717,597758,18368,34469,301339300
SR008-CL2-5300-5364,SR008,2,3D,epi,0.9670075619450967,0.9361225952108088,0.9776400702137562,0.9997987129979459,1333897,60512,30508,300564960
SR008-CL2-5300-5364,SR008,2,3D,fas,0.9497747876523915,0.9043534438954516,0.9619272878886928,0.9999179844481856,373753,24736,14793,301576600
SR008-CL2-5300-5364,SR008,2,2D,epi,0.9558649852516586,0.915461096266408,0.9870874117289221,0.9996449003496284,1346787,106752,17618,300518720
SR008-CL2-5300-5364,SR008,2,2D,fas,0.9304428149422378,0.869932742204886,0.9034631678102464,0.9999503450491896,351037,14976,37509,301586370
SR008-CL2-6030-6094,SR008,2,3D,epi,0.9693498685869563,0.9405227235142896,0.9760933331253023,0.9998711342663921,1000972,38784,24516,300925630
SR008-CL2-6030-6094,SR008,2,3D,fas,0.9384283145981848,0.8839990059107318,0.9344077605747851,0.999930190452884,345031,21056,24220,301599580
SR008-CL2-6030-6094,SR008,2,2D,epi,0.959004034315755,0.9212370325425836,0.9712566114864338,0.999814994742568,996012,55680,29476,300908740
SR008-CL2-6030-6094,SR008,2,2D,fas,0.9212495561885609,0.8539969197450373,0.9205310209044796,0.9999046219111837,339907,28768,29344,301591870
SR008-CL2-6350-6414,SR008,2,3D,epi,0.9566341539410861,0.9168731730625094,0.9701353642095246,0.999844347062489,782907,46880,24101,301136000
SR008-CL2-6350-6414,SR008,2,3D,fas,0.9368094131783528,0.881130274092151,0.9271689744050831,0.9999277388392518,386699,21792,30376,301551000
SR008-CL2-6350-6414,SR008,2,2D,epi,0.945074210290887,0.8958679553672523,0.9725987846464967,0.9997705048839429,784895,69120,22113,301113760
SR008-CL2-6350-6414,SR008,2,2D,fas,0.9160834410864976,0.8451604817300352,0.8892549301684349,0.9999278449515341,370886,21760,46189,301551040
SR008-CL2-7900-7964,SR008,2,3D,epi,0.9204370825637975,0.8526016109831704,0.9548084574773033,0.9995342881666963,1115856,140096,52814,300681120
SR008-CL2-7900-7964,SR008,2,3D,fas,0.9582040655170734,0.9197617631255757,0.974754433417392,0.9999220150152927,383445,23520,9931,301573000
SR008-CL2-7900-7964,SR008,2,2D,epi,0.8380826504016186,0.7212928274900993,0.9690383085045393,0.9986656259953587,1132486,401408,36184,300419800
SR008-CL2-7900-7964,SR008,2,2D,fas,0.9536023262103067,0.9113192336874052,0.9770753680956642,0.9999058875063788,384358,28384,9018,301568130
SR008-CR1-4800-4864,SR008,2,3D,epi,0.9757947843825242,0.9527336606992715,0.9673281851905383,0.9989931278377567,18016708,285312,608520,283079360
SR008-CR1-4800-4864,SR008,2,3D,fas,0.9483290188956429,0.9017354628343981,0.9693111336946816,0.999501752247265,1933356,149472,61211,299845860
SR008-CR1-4800-4864,SR008,2,2D,epi,0.9717882006304849,0.9451245368185538,0.9664485181067314,0.9985170205090561,18000324,420224,624904,282944450
SR008-CR1-4800-4864,SR008,2,2D,fas,0.9316764978774229,0.8720921107008693,0.9638342557557605,0.9993005757649742,1922432,209824,72135,299785500
SR008-CR1-6480-6544,SR008,2,3D,epi,0.9580535014411066,0.9194843523791111,0.9481457371431296,0.9991457136923454,7637934,251104,417720,293683140
SR008-CR1-6480-6544,SR008,2,3D,fas,0.9678535435608492,0.9377095057806925,0.9580222135472143,0.9996631762000088,4429660,100160,194095,297266000
SR008-CR1-6480-6544,SR008,2,2D,epi,0.9619520623722246,0.9266932937322233,0.9600814533494115,0.9990125682533617,7734084,290240,321570,293644000
SR008-CR1-6480-6544,SR008,2,2D,fas,0.9676053258380038,0.9372436240272332,0.9585062357326458,0.9996472496906221,4431898,104896,191857,297261250
SR008-CR1-7620-7684,SR008,2,3D,epi,0.9225043198235825,0.8561559334256835,0.8854392048121378,0.9992647136323843,5627346,217376,728083,295417100
SR008-CR1-7620-7684,SR008,2,3D,fas,0.9527240720916094,0.909716385818569,0.9772766362414111,0.9994570209775347,2142121,162784,49808,299635170
SR008-CR1-7620-7684,SR008,2,2D,epi,0.9498584768811401,0.904505208079112,0.9476247787521503,0.9989751668881812,6022562,302976,332867,295331500
SR008-CR1-7620-7684,SR008,2,2D,fas,0.9502448590812147,0.9052061971799676,0.9660221658639491,0.9995087891924442,2117452,147264,74477,299650700
SR008-CR1-7760-7824,SR008,2,3D,epi,0.8722924488212646,0.7735094510181311,0.8349785144436579,0.9983157164606321,5233394,498080,1034305,295224100
SR008-CR1-7760-7824,SR008,2,3D,fas,0.9657860382070009,0.9338358153013465,0.9748443673166403,0.9997198572757066,1866128,84064,48155,299991550
SR008-CR1-7760-7824,SR008,2,2D,epi,0.9087752296779336,0.8328029700147987,0.8954378632413585,0.9984059632836729,5612335,471392,655364,295250780
SR008-CR1-7760-7824,SR008,2,2D,fas,0.963088039199058,0.9288040601394356,0.9670142815874142,0.9997375594788422,1851139,78752,63144,299996860
SR008-CR2-640-704,SR008,2,3D,epi,0.9328188682808589,0.874096102859469,0.9360670226624332,0.9995850685649416,1644798,124576,112339,300108160
SR008-CR2-640-704,SR008,2,3D,fas,0.964155544484359,0.9307918185500202,0.978550138386204,0.9998463173924738,882480,46272,19344,301041800
SR008-CR2-640-704,SR008,2,2D,epi,0.9204163123296984,0.8525659685687916,0.9384117459253319,0.999410697157573,1648918,176928,108219,300055800
SR008-CR2-640-704,SR008,2,2D,fas,0.9540334020177299,0.912106948594836,0.9639231158186076,0.999829843801645,869289,51232,32535,301036830
SR008-TL1-1160-1224,SR008,2,3D,epi,0.9770708907687371,0.9551697003744585,0.979370673581577,0.99991611776428,975937,25248,20557,300968160
SR008-TL1-1160-1224,SR008,2,3D,fas,0.9626127048692313,0.9279202756651156,0.9568089875937688,0.9999563878620815,404203,13152,18246,301554270
SR008-TL1-1160-1224,SR008,2,2D,epi,0.970183546366888,0.9420936545965606,0.984145413820856,0.9998522226782307,980695,44480,15799,300948930
SR008-TL1-1160-1224,SR008,2,2D,fas,0.952653885061439,0.9095884077608128,0.9407313072110479,0.9999520372598335,397411,14464,25038,301552960
SR008-TL1-1879-1943,SR008,2,3D,epi,0.894349874781127,0.8088904929161771,0.9865641352718628,0.99848429061945565,2041803,454592,27807,299465700
SR008-TL1-1879-1943,SR008,2,3D,fas,0.951556141391001,0.9075890268969273,0.9467767799871712,0.999937496969442,413287,18848,23233,301534530
SR008-TL1-1879-1943,SR008,2,2D,epi,0.8754249878181362,0.77844961726445006,0.9596556839211252,0.9983937065411613,1986113,481760,83497,299438530
SR008-TL1-1879-1943,SR008,2,2D,fas,0.9351146157174872,0.8781363980758726,0.9133487583615871,0.9999419538910548,398695,17504,37825,301535870
SR008-TL1-240-304,SR008,2,3D,epi,0.8095123384869186,0.6799838122287196,0.7542631393042831,0.9992348107540461,1584467,229472,516215,299659740
SR008-TL1-240-304,SR008,2,3D,fas,0.9666239368833542,0.9354038393032172,0.9790560322289562,0.9999298526402688,443764,21152,9493,301515500
SR008-TL1-240-304,SR008,2,2D,epi,0.9527203023892615,0.9097095117596526,0.9648633158183866,0.9995753098427479,2026871,127360,73811,299761860
SR008-TL1-240-304,SR008,2,2D,fas,0.9553826291651627,0.9145766247421675,0.9518330660089088,0.9999387669778537,431425,18464,21832,301518180
SR008-TL1-800-864,SR008,2,3D,epi,0.9760489230227551,0.9532183177189487,0.9865109075763571,0.9998832628612375,992428,35136,13570,300948770
SR008-TL1-800-864,SR008,2,3D,fas,0.9603357042945151,0.9236978784991939,0.9438248783227255,0.9999691208302444,403353,9312,24007,301553200
SR008-TL1-800-864,SR008,2,2D,epi,0.9570885482416591,0.9177083506255638,0.9891401374555416,0.9997398399085156,995073,78304,10925,300905600
SR008-TL1-800-864,SR008,2,2D,fas,0.952392230886735,0.9091114622917276,0.9315073942343691,0.9999650885006508,398089,10528,29271,301552000
SR008-TR1-1210-1274,SR008,2,3D,epi,0.9175032373346758,0.8475805831285802,0.9201063457099392,0.9997037627782622,958645,89152,83240,300858850
SR008-TR1-1210-1274,SR008,2,3D,fas,0.8760236258953963,0.7793968326009213,0.8996082525079296,0.9997324017567278,470532,80672,52509,301386180
SR008-TR1-1210-1274,SR008,2,2D,epi,0.9021725761717391,0.8217799597551962,0.9082010010701757,0.9996359238116613,946241,109568,95644,300838430
SR008-TR1-1210-1274,SR008,2,2D,fas,0.8522258442062687,0.7425030785929492,0.8749677367548624,0.9996904734322167,457644,93312,65397,301373540
SR008-TR1-1430-1494,SR008,2,3D,epi,0.9539962199408649,0.9120389793303916,0.9419893296811285,0.9998871861674983,973919,33952,59977,300922050
SR008-TR1-1430-1494,SR008,2,3D,fas,0.9577909957241906,0.9190008835029422,0.9637112672742643,0.9999005088581692,593942,29984,22365,301343580
SR008-TR1-1430-1494,SR008,2,2D,epi,0.7511286327215317,0.6014459554456646,0.9599205335933207,0.9979524449028769,992458,616224,41438,300339780
SR008-TR1-1430-1494,SR008,2,2D,fas,0.94343133108552,0.892920033351739,0.9157303097320004,0.9999477591870002,564371,15744,51936,301357820
SR008-TR1-1760-1824,SR008,2,3D,epi,0.9381399918732465,0.8834874509759872,0.9247091790270667,0.9993064819299707,4089985,206368,333011,297360500
SR008-TR1-1760-1824,SR008,2,3D,fas,0.9178889588326679,0.8482391583792465,0.9367070537283303,0.9994821393310892,1397625,155616,94437,300342200
SR008-TR1-1760-1824,SR008,2,2D,epi,0.9329748455077755,0.8743700573317406,0.9234091552422837,0.9991663588479154,4084235,248064,338761,297318820
SR008-TR1-1760-1824,SR008,2,2D,fas,0.9133468572278061,0.8405137032942629,0.9182433437752586,0.9995408153105295,1370076,137984,121986,300359840
SR008-TR1-2060-2124,SR008,2,3D,epi,0.9598143343712543,0.9227336677352591,0.9751556414996259,0.9992709506179319,3731200,217376,95061,297946240
SR008-TR1-2060-2124,SR008,2,3D,fas,0.951573752815313,0.9076210705050073,0.9354888004182249,0.9998730625403799,1163140,38176,80210,300708350
SR008-TR1-2060-2124,SR008,2,2D,epi,0.9535242949776306,0.911176714759229,0.9724219022173344,0.9991374400231143,3720740,257184,105521,297906430
SR008-TR1-2060-2124,SR008,2,2D,fas,0.9464837622022824,0.8984045316480578,0.9263361080950657,0.9998714665119689,1151760,38656,91590,300707870
SR008-TR1-670-734,SR008,2,3D,epi,0.9516865103291556,0.907826255892187,0.9414013211608402,0.9998608779613739,1065414,41856,66318,300816300
SR008-TR1-670-734,SR008,2,3D,fas,0.9123396707499585,0.8388093655847783,0.9564817182306316,0.99979986714537,411488,60352,18722,301499330
SR008-TR1-670-734,SR008,2,2D,epi,0.9382898715869746,0.8837533395197696,0.94584937069907,0.9997356893850371,1070448,79520,61284,300778620
SR008-TR1-670-734,SR008,2,2D,fas,0.8997433109524396,0.817757637748428,0.932902535970805,0.9997991243365044,401344,60576,28866,301499100
SR009-CL1-3900-3964,SR009,3,3D,epi,0.9546142814608602,0.9131694307005391,0.9817778209899943,0.9964212210998312,13480482,1031616,250203,287227600
SR009-CL1-3900-3964,SR009,3,3D,fas,0.875429950101624,0.7784574648602229,0.8260931006729905,0.9994779506973326,2110311,156320,444257,299279000
SR009-CL1-3900-3964,SR009,3,2D,epi,0.9513173320656508,0.9071546247059805,0.9671588853724341,0.996849280136082,13279754,908224,450931,287350980
SR009-CL1-3900-3964,SR009,3,2D,fas,0.8420769253360222,0.727230455771328,0.8081429032227758,0.9990508000318626,2064456,284224,490112,299151100
SR009-CL1-4400-4464,SR009,3,3D,epi,0.9506003052207737,0.9058515167767052,0.9310649956710768,0.998906095579472,10632482,317856,787217,290252320
SR009-CL1-4400-4464,SR009,3,3D,fas,0.9117263405868876,0.8377730478918016,0.9599142749475271,0.998376882864828,3191762,484768,133287,298180060
SR009-CL1-4400-4464,SR009,3,2D,epi,0.9488804796850152,0.9027331919405969,0.9222289484162411,0.9991512411731563,10531577,246624,888122,290323550
SR009-CL1-4400-4464,SR009,3,2D,fas,0.9147787199080538,0.8429421139166645,0.953660231774028,0.9985377053226313,3170967,436736,154082,298228100
SR009-CL1-5380-5444,SR009,3,3D,epi,0.9720709074807099,0.9456594959272134,0.9596570039628486,0.9993374179184585,12416930,191520,521995,288859460
SR009-CL1-5380-5444,SR009,3,3D,fas,0.9617431410477758,0.926305598422279,0.9825313307667456,0.9987814901017892,5839223,360736,103817,295686100
SR009-CL1-5380-5444,SR009,3,2D,epi,0.9556379780673637,0.9150447431044219,0.9595181979955831,0.997824383661284,12415134,628864,523791,288422100
SR009-CL1-5380-5444,SR009,3,2D,fas,0.9253294773807065,0.861035506143224,0.9044906310575059,0.9989868630110946,5375424,299936,567616,295746900
SR009-CL1-6980-7044,SR009,3,3D,epi,0.892280306551389,0.8055109174537606,0.9009679214093035,0.9942532273430138,12584137,1655200,1383216,286367330
SR009-CL1-6980-7044,SR009,3,3D,fas,0.9418433333173821,0.8900792887976742,0.9633776162852603,0.9954745295286166,15154927,1295456,576108,284963400
SR009-CL1-6980-7044,SR009,3,2D,epi,0.833957143238746,0.7152028232951114,0.8817929925591484,0.9887044390409936,12316314,3253376,1651039,284769150
SR009-CL1-6980-7044,SR009,3,2D,fas,0.8878441881227876,0.7983091745249182,0.8570803510385681,0.995954318995173,13482761,1158112,2248274,285100740
SR009-CL2-2000-2064,SR009,3,3D,epi,0.9550722333812424,0.9140078997725599,0.9489445377583575,0.9989844377195806,7416867,298752,399045,293875230
SR009-CL2-2000-2064,SR009,3,3D,fas,0.9242960758566607,0.8592476564522571,0.9664162680829836,0.99926378780866,1712594,221024,59514,299996770
SR009-CL2-2000-2064,SR009,3,2D,epi,0.9502723702540883,0.9052561286627305,0.9398953058836896,0.9989833498933753,7346139,299072,469773,293874900
SR009-CL2-2000-2064,SR009,3,2D,fas,0.9034852832227511,0.8239609276546439,0.934197577122839,0.9992102799718183,1655499,237088,116609,299980700
SR009-CL2-3128-3192,SR009,3,3D,epi,0.9592945083561428,0.9217732740517005,0.975769465554747,0.9992090388123392,3925825,235680,97487,297730900
SR009-CL2-3128-3192,SR009,3,3D,fas,0.926620201590729,0.8632733753364494,0.9172152375996767,0.9997011369273787,1318518,89824,119005,300462530
SR009-CL2-3128-3192,SR009,3,2D,epi,0.9496119802293082,0.9040582740429732,0.961625894288089,0.9991401989119639,3868921,256192,154391,297710400
SR009-CL2-3128-3192,SR009,3,2D,fas,0.8969993950477453,0.8132356328912199,0.8963467019310299,0.999511193311174,1288519,146912,149004,300405440
SR009-CL2-6610-6674,SR009,3,3D,epi,0.9618092798996377,0.9264283154126626,0.9670108839594371,0.9994706420916512,3486814,157952,118951,298226180
SR009-CL2-6610-6674,SR009,3,3D,fas,0.9221503946973076,0.8555464418789116,0.9439329335066847,0.9996316325547495,1012807,110848,60158,300806080
SR009-CL2-6610-6674,SR009,3,2D,epi,0.9501675466475502,0.9050658927654239,0.9641906779837288,0.9992105746427561,3476645,235552,129120,298148580
SR009-CL2-6610-6674,SR009,3,2D,fas,0.8745701517145077,0.777098770791311,0.8592349237859576,0.9996231252234504,921929,113408,151036,300803520
SR009-CL2-7170-7234,SR009,3,3D,epi,0.965295737368176,0.9329194555678123,0.9694050238006302,0.9993847828580011,4533885,182912,143092,297130000
SR009-CL2-7170-7234,SR009,3,3D,fas,0.9270753911742808,0.8640638713552617,0.9501277725182322,0.9995671724516068,1241455,130144,65164,300553120
SR009-CL2-7170-7234,SR009,3,2D,epi,0.9641930497987904,0.9308617301819534,0.9771514805396734,0.9992177399529956,4570115,232576,106862,297080320
SR009-CL2-7170-7234,SR009,3,2D,fas,0.9116101531494545,0.8375768625436599,0.8972692116064438,0.9996903053399115,1172389,93120,134230,300590140
SR009-CL2-910-974,SR009,3,3D,epi,0.9630293080774356,0.9286948180685416,0.9586022335562865,0.9985606815209529,12384906,416064,534849,288654080
SR009-CL2-910-974,SR009,3,3D,fas,0.972693572802294,0.946838788359978,0.9869023195400913,0.9987928617652615,8266733,354432,109712,293259000
SR009-CL2-910-974,SR009,3,2D,epi,0.9629498467997047,0.9285470368314205,0.9599284970961137,0.998489501544504,12402041,436640,517714,288633500
SR009-CL2-910-974,SR009,3,2D,fas,0.9711523547195877,0.9439224156992655,0.9810462553028164,0.9988779805175131,8217680,329440,158765,293284000
SR009-CR1-3890-3954,SR009,3,3D,epi,0.9760640360416236,0.9532471466949091,0.9718139054040976,0.9969667707364467,39545170,792576,1146952,260505180
SR009-CR1-3890-3954,SR009,3,3D,fas,0.9256648884220213,0.8616165276981488,0.9467775884979425,0.9992572701212592,2132519,222624,119878,299514880
SR009-CR1-3890-3954,SR009,3,2D,epi,0.9540714844675843,0.9121765687609417,0.9391667999029395,0.9953921074915292,38216690,1204032,2475432,260093730
SR009-CR1-3890-3954,SR009,3,2D,fas,0.6676510134478136,0.5011082082747265,0.7087635971811364,0.9968860219981946,1596417,933376,655980,298804130
SR009-CR1-7400-7464,SR009,3,3D,epi,0.9355032735359308,0.8788221234304636,0.9496467259281377,0.9955167053377165,15113206,1282560,801350,284792770
SR009-CR1-7400-7464,SR009,3,3D,fas,0.9668608008885453,0.9358475621872524,0.972729244753843,0.9980198536023782,14053533,569376,393995,286973000
SR009-CR1-7400-7464,SR009,3,2D,epi,0.8862542695213902,0.7957420129822093,0.9435542531001179,0.989666386195088,15016247,2956192,898309,283119140
SR009-CR1-7400-7464,SR009,3,2D,fas,0.9267118524240955,0.8634324850387458,0.9022069381004141,0.9977436368768888,13034660,648800,1412868,286893570
SR009-CR2-1990-2054,SR009,3,3D,epi,0.9552263845586518,0.9142903021676438,0.9525559380428764,0.9992735145983045,4908074,215648,244457,296621700
SR009-CR2-1990-2054,SR009,3,3D,fas,0.9271985359064392,0.8642778435149271,0.9730063393850976,0.999369229433229,1465944,189536,40669,300293730
SR009-CR2-1990-2054,SR009,3,2D,epi,0.9472380185158823,0.8997646525765735,0.9388417071144259,0.999246132594111,4837411,223776,315120,296613570
SR009-CR2-1990-2054,SR009,3,2D,fas,0.9011794799635727,0.8201334645021896,0.9500820715074143,0.9992055464254481,1431406,238720,75207,300244540
SR009-CR3-1300-1364,SR009,3,3D,epi,0.9394158210071392,0.8857531911320947,0.9353756139188535,0.9994591820529751,2700797,161760,186596,298940740
SR009-CR3-1300-1364,SR009,3,3D,fas,0.89756668640299,0.8141686896910045,0.9446677029050897,0.9994363104102513,999756,169632,58559,300761950
SR009-CR3-1300-1364,SR009,3,2D,epi,0.9191223597008279,0.8503482035639366,0.8885347439714649,0.9995664897398013,2565549,129664,321844,298972830
SR009-CR3-1300-1364,SR009,3,2D,fas,0.8623393063919873,0.7579934080847405,0.93201929482243,0.9991925872212227,986370,242976,71945,300688600
SR009-CR3-2100-2164,SR009,3,3D,epi,0.9476231502539273,0.9004598975001954,0.9623114843757394,0.9983008616974187,7015167,500736,274746,294199230
SR009-CR3-2100-2164,SR009,3,3D,fas,0.8626916285839988,0.7585380098010781,0.8605618838845032,0.9995014001119323,959832,150016,155523,300724500
SR009-CR3-2100-2164,SR009,3,2D,epi,0.9419029818954406,0.8901858390856586,0.9265615378400264,0.9989891821094463,6754553,297888,535360,294402080
SR009-CR3-2100-2164,SR009,3,2D,fas,0.8174649423461305,0.691281782349834,0.8131169000004483,0.9993466512349404,906914,196576,208441,300677950
SR009-CR3-800-864,SR009,3,3D,epi,0.9539463760635463,0.9119478717292767,0.9638702635652857,0.9995329257468586,2368449,139904,88779,299392770
SR009-CR3-800-864,SR009,3,3D,fas,0.9165839977748934,0.8460129773719645,0.9317774295778796,0.9997142601809289,790902,86048,57908,301055040
SR009-CR3-800-864,SR009,3,2D,epi,0.9318651900088407,0.8724228264937396,0.9145508678885313,0.9996038628923318,2247260,118656,209968,299414000
SR009-CR3-800-864,SR009,3,2D,fas,0.861833565799721,0.75721224937131415,0.9230404919828937,0.9993827212313187,783486,185888,65324,300955200
SR009-TL1-4050-4114,SR009,3,3D,epi,0.95903831937605,0.9213003103065279,0.9545122160127592,0.999489762688941,4022996,151936,191718,297623230
SR009-TL1-4050-4114,SR009,3,3D,fas,0.9089889523033885,0.8331620053000236,0.969904591208632,0.9993974046884103,1071473,181312,33247,300703870
SR009-TL1-4050-4114,SR009,3,2D,epi,0.9547775823778941,0.9134683358112671,0.9571617433590986,0.9993229791456419,4034163,201600,180551,297573570
SR009-TL1-4050-4114,SR009,3,2D,fas,0.8882584540483238,0.7989792747089921,0.9215484466652183,0.9994367552283367,1018053,169472,86667,300715700
SR009-TL1-4520-4584,SR009,3,3D,epi,0.9587391268024952,0.9207482500119285,0.9511245657088376,0.9992890312365934,6059354,210176,311372,295409000
SR009-TL1-4520-4584,SR009,3,3D,fas,0.8778871107639439,0.7823518642242999,0.9772211802491975,0.999029632386902,1145227,291904,26695,300526050
SR009-TL1-4520-4584,SR009,3,2D,epi,0.957842976905544,0.9190966003006341,0.9518929239775812,0.9992310106224235,6064249,227328,306477,295391840
SR009-TL1-4520-4584,SR009,3,2D,fas,0.8631951917128365,0.7593169780953183,0.9387868817207972,0.9990792038900657,1100185,276992,71737,300540960
SR009-TL1-6130-6194,SR009,3,3D,epi,0.9697506898016229,0.9412776890041256,0.9737785456983956,0.9992655255826884,6125069,217184,164933,295482700
SR009-TL1-6130-6194,SR009,3,3D,fas,0.8946896551294456,0.8094465588614616,0.9629998712432537,0.9995304807271201,718005,141440,27587,301102850
SR009-TL1-6130-6194,SR009,3,2D,epi,0.9708952012263857,0.9434366668811602,0.9743225836812135,0.9993036182261426,6128491,205920,161511,295493950
SR009-TL1-6130-6194,SR009,3,2D,fas,0.8740622020088749,0.7762970597206689,0.9011389607184627,0.9996019708709228,671882,119904,73710,301124380
SR009-TR1-2930-2994,SR009,3,3D,epi,0.9505611975552067,0.905780494623184,0.935300005615592,0.9995558684704744,3797434,132320,262690,297797440
SR009-TR1-2930-2994,SR009,3,3D,fas,0.881277643360026,0.7877536710778704,0.9195108505458199,0.9994091854436734,977429,177792,85559,300749120
SR009-TR1-2930-2994,SR009,3,2D,epi,0.9345352269933009,0.8771150869268816,0.903771658205513,0.9995858352681126,3669425,123392,390699,297806370
SR009-TR1-2930-2994,SR009,3,2D,fas,0.8484265223661078,0.7367541358362538,0.9168485439158297,0.9991365345159726,974599,259840,88389,300667070
SR009-TR1-5300-5364,SR009,3,3D,epi,0.918155834714674,0.8486950932277009,0.9040770432713989,0.9994321148435231,2355476,170016,249917,299214460
SR009-TR1-5300-5364,SR009,3,3D,fas,0.8176424949739787,0.6915357592761116,0.8934255584591609,0.9992448610389404,696075,227456,83033,300983330
SR009-TR1-5300-5364,SR009,3,2D,epi,0.8989164772548014,0.8163926338790735,0.8803355194398695,0.9993183881445498,2293620,204064,311773,299180400
SR009-TR1-5300-5364,SR009,3,2D,fas,0.7636364938934657,0.6176472292507678,0.82087335773730985,0.9991489282080215,639549,256352,139559,300954430
SR010-CL1-4068-4132,SR010,4,3D,epi,0.9391335337052447,0.885251408676643,0.952955905507675,0.9984254027630951,5805415,465920,286593,295431970
SR010-CL1-4068-4132,SR010,4,3D,fas,0.9474829508540211,0.9002067487864607,0.9372554483010472,0.9992692402222865,4937995,216832,330574,296504480
SR010-CL1-4068-4132,SR010,4,2D,epi,0.9182639040677736,0.848879784561895,0.9599396455158956,0.9973064221033767,5847960,797024,244048,295100860
SR010-CL1-4068-4132,SR010,4,2D,fas,0.9232628666341295,0.8574635702848086,0.8904564028676477,0.9993168000196279,4691431,202720,577138,296518600
SR010-CL1-6954-7018,SR010,4,3D,epi,0.9059630525659907,0.8280918251352176,0.8455858423825968,0.9994840535727811,6087857,152096,1111716,294638200
SR010-CL1-6954-7018,SR010,4,3D,fas,0.9425949036884698,0.8914226978633405,0.9495534065281034,0.9993570929988305,2799480,192256,148727,298849440
SR010-CL1-6954-7018,SR010,4,2D,epi,0.9153676055224977,0.843942712925752,0.8687786067312603,0.9992812789343389,6254835,211872,944738,294578430
SR010-CL1-6954-7018,SR010,4,2D,fas,0.9321797077073584,0.8729743332615838,0.9313043487109284,0.9993412557336654,2745678,196992,202529,298844700
SR010-CL2-1125-1189,SR010,4,3D,epi,0.9209451197793823,0.8534738470309229,0.875012794932465,0.9995411418632945,4718734,136096,674026,296461020
SR010-CL2-1125-1189,SR010,4,3D,fas,0.9173672920069995,0.8473485839049031,0.9401415939959284,0.999387941999193,1577991,183808,100470,300127600
SR010-CL2-1125-1189,SR010,4,2D,epi,0.9253226718366535,0.861023720876345,0.8930022845444633,0.9993247136002178,4815747,200288,577013,296396830
SR010-CL2-1125-1189,SR010,4,2D,fas,0.9065217243089404,0.8290258201389819,0.9109928678712225,0.9994474003056734,1529066,165952,149395,300145470
SR010-CL2-3303-3367,SR010,4,3D,epi,0.8924871594676331,0.8058481371995889,0.8236680255962475,0.9998010269617554,2218180,59552,474871,299237280
SR010-CL2-3303-3367,SR010,4,3D,fas,0.9245322707345218,0.8596559855551946,0.9409035603966048,0.9997405259583716,777956,78144,48862,301084930
SR010-CL2-3303-3367,SR010,4,2D,epi,0.9123934485457234,0.8389002873564252,0.8664722651000668,0.9997042668330014,2333454,88512,359597,299208320
SR010-CL2-3303-3367,SR010,4,2D,fas,0.9027956325326632,0.8228144722177647,0.9054205399495415,0.9997243752344827,748618,83008,78200,301080060
SR010-CL2-997-1061,SR010,4,3D,epi,0.9300162447415956,0.8691872565083886,0.8964018025672,0.999433956394388,4807021,167904,555553,296459420
SR010-CL2-997-1061,SR010,4,3D,fas,0.9211343846662733,0.8537990010751597,0.9296301058097229,0.9994753652850478,1648580,157504,124792,300059000
SR010-CL2-997-1061,SR010,4,2D,epi,0.9277683063609763,0.8652684973452368,0.9052995818798958,0.9991636104355403,4854736,248096,507838,296379230
SR010-CL2-997-1061,SR010,4,2D,fas,0.9036561285535214,0.8242451589219615,0.9116107618706059,0.999373891858072,1616625,187968,156747,300028540
SR010-CR1-5758-5822,SR010,4,3D,epi,0.8849158982887463,0.7935866872558922,0.8806318201823249,0.9972601876978059,6481009,807232,878490,293823170
SR010-CR1-5758-5822,SR010,4,3D,fas,0.9349892460568078,0.8779153098642609,0.9051804062158259,0.9992028043137959,6841177,234720,716628,294197380
SR010-CR1-5758-5822,SR010,4,2D,epi,0.8753186089964389,0.7782814012912456,0.9009401319301762,0.996063298315019,6630468,1159872,729031,293470530
SR010-CR1-5758-5822,SR010,4,2D,fas,0.9152470710895845,0.843737819642403,0.8704273264525878,0.9991880232946889,6578520,239072,979285,294193020
SR010-CR1-7692-7756,SR010,4,3D,epi,0.9485019228222923,0.9020481762250444,0.9566450665311529,0.9986365121017406,6364750,402688,288449,294934000
SR010-CR1-7692-7756,SR010,4,3D,fas,0.9529056613640243,0.9100475727959254,0.9403122008448341,0.9997072098648789,2478237,87648,157310,299266700
SR010-CR1-7692-7756,SR010,4,2D,epi,0.942400683673697,0.8910753525704213,0.9558640888390683,0.9983620593260227,6359554,483744,293645,294852960
SR010-CR1-7692-7756,SR010,4,2D,fas,0.9478617701585186,0.9008909126905563,0.9409689904979877,0.9996083303924485,2479968,117248,155579,299237100
SR010-TL1-1100-1164,SR010,4,3D,epi,0.9621773637195445,0.9271115603798904,0.9549572663277905,0.9999066746852386,893310,28096,42135,301026340
SR010-TL1-1100-1164,SR010,4,3D,fas,0.9561112129137583,0.9159129063762694,0.9689565986642626,0.9998861835525651,573944,34304,18388,301363260
SR010-TL1-1100-1164,SR010,4,2D,epi,0.943010171500599,0.8921657958046597,0.9661145230344916,0.999742451893318,903747,77536,31698,300976900
SR010-TL1-1100-1164,SR010,4,2D,fas,0.9330880299845657,0.8745689018477011,0.9195957672386432,0.9998988180282783,544706,30496,47626,301367070
SR010-TL1-2764-2828,SR010,4,3D,epi,0.9423948907046326,0.8910649943176864,0.9252460368908009,0.9998224342058786,1287441,53376,104017,300545060
SR010-TL1-2764-2828,SR010,4,3D,fas,0.9104458462990387,0.835613212254266,0.9485780225987848,0.9997029680009217,628026,89504,34045,301238300
SR010-TL1-2764-2828,SR010,4,2D,epi,0.9245562930253747,0.8596975248721123,0.9152536404260855,0.9997008633644847,1273537,89920,117921,300508500
SR010-TL1-2764-2828,SR010,4,2D,fas,0.8893288787950028,0.8007130660155689,0.934192858469862,0.9996337277972035,618502,110368,43569,301217440
SR010-TL1-4236-4300,SR010,4,3D,epi,0.9138296327234006,0.8413317654896846,0.9058388556638985,0.9991395617108979,3035822,256960,315571,298381540
SR010-TL1-4236-4300,SR010,4,3D,fas,0.9092933198409736,0.8336735589704076,0.895203280978143,0.9997320015654512,978100,80640,114501,300816640
SR010-TL1-4236-4300,SR010,4,2D,epi,0.9067251565028183,0.8293661579208885,0.9059429914665335,0.9989638308523516,3036171,309440,315222,298329060
SR010-TL1-4236-4300,SR010,4,2D,fas,0.8950295896865511,0.8100032193917813,0.8727513520489182,0.9997187079923089,953569,84640,139032,300812640
SR010-TR1-1055-1119,SR010,4,3D,epi,0.8934811826455098,0.8074703914947245,0.8787086757605489,0.9996664410987006,999503,100352,137965,300752060
SR010-TR1-1055-1119,SR010,4,3D,fas,0.9101235733251859,0.8350704272978453,0.8841726444218334,0.9998309268122446,765560,50912,100289,301073120
SR010-TR1-1055-1119,SR010,4,2D,epi,0.8860535535206858,0.7954184479165082,0.9192988286263877,0.9994111664293388,1045673,177152,91795,300675260
SR010-TR1-1055-1119,SR010,4,2D,fas,0.8666012889289739,0.7646040889794757,0.8006615472212822,0.9998644013905871,693252,40832,172597,301083200
SR010-TR1-1183-1247,SR010,4,3D,epi,0.8804009464151162,0.7863537786997312,0.8673759295532943,0.9996048346591383,1000761,118880,153019,300717220
SR010-TR1-1183-1247,SR010,4,3D,fas,0.8856874324595997,0.7948285411646748,0.8690314638329473,0.9997194147645625,786397,84480,118515,301000500
SR010-TR1-1183-1247,SR010,4,2D,epi,0.8600620342242368,0.754481436749883,0.9334361836745306,0.9990903219212786,1076980,273664,76800,300562430
SR010-TR1-1183-1247,SR010,4,2D,fas,0.8086482097217337,0.6787652617140535,0.7087208479940591,0.9998673597139327,641330,39936,263582,301045060
SR010-TR1-119-183,SR010,4,3D,epi,0.8477259632697155,0.7356982247688575,0.7495085015306098,0.9999215784163266,941654,23584,314708,300709950
SR010-TR1-119-183,SR010,4,3D,fas,0.9809702576253175,0.962651252297432,0.9833945844506488,0.999922154275152,1069004,23424,18051,300879420
SR010-TR1-119-183,SR010,4,2D,epi,0.8181405085264986,0.6922485409043585,0.765261922917121,0.999559370718926,961446,132512,294916,300601020
SR010-TR1-119-183,SR010,4,2D,fas,0.9790461835575381,0.9589524695338798,0.9835399312822258,0.999907372097623,1069162,27872,17893,300874980
SR010-TR1-1439-1503,SR010,4,3D,epi,0.9252389327792402,0.8608787208600968,0.9018619480171074,0.999713883827893,1627078,85888,177054,300099870
SR010-TR1-1439-1503,SR010,4,3D,fas,0.9099611705315698,0.8347970236760488,0.9168046995269212,0.9997098644204009,815297,87360,73984,301013250
SR010-TR1-1439-1503,SR010,4,2D,epi,0.9247552634776877,0.8600416556965849,0.934285850481007,0.9994811745623736,1685575,155744,118557,300030000
SR010-TR1-1439-1503,SR010,4,2D,fas,0.8802196607855947,0.7860645788826073,0.8469640080019701,0.9997711861055234,753189,68896,136092,301031700
SR010-TR1-1619-1683,SR010,4,3D,epi,0.9489176997331158,0.9028005699384077,0.9420822798311121,0.9993570808481184,4142560,191328,254678,297401300
SR010-TR1-1619-1683,SR010,4,3D,fas,0.8907868057411488,0.8030798861316741,0.866016847451334,0.9996856208439764,1044929,94560,161663,300688740
SR010-TR1-1619-1683,SR010,4,2D,epi,0.9441546238276858,0.8942167528833309,0.9416692933154858,0.9992158945971796,4140744,233344,256494,297359300
SR010-TR1-1619-1683,SR010,4,2D,fas,0.8616356751802812,0.7569067796610169,0.8586614199331671,0.9994607147548228,1036054,162208,170538,300621100
SR010-TR1-1747-1811,SR010,4,3D,epi,0.9474919806538468,0.9002230512623123,0.9261244368326227,0.9996917691347874,2964403,92096,236466,298696930
SR010-TR1-1747-1811,SR010,4,3D,fas,0.9200475737922884,0.8519334291632324,0.9580360221476842,0.9996076554646287,908564,118112,39797,300923420
SR010-TR1-1747-1811,SR010,4,2D,epi,0.9488185832397565,0.9026211537909692,0.9335546065771514,0.9996328646956398,2988186,109696,212683,298679330
SR010-TR1-1747-1811,SR010,4,2D,fas,0.9181098641464855,0.8486165403681947,0.9424227693884502,0.999651768979172,893757,104832,54604,300936700
SR010-TR1-183-247,SR010,4,3D,epi,0.7959921595017972,0.6611187508317438,0.7813923249806883,0.9993079769997019,894216,208192,250172,300637300
SR010-TR1-183-247,SR010,4,3D,fas,0.9567228170619466,0.9170360789139907,0.9357847794687039,0.9999257687112566,1022343,22336,70155,300875040
SR010-TR1-183-247,SR010,4,2D,epi,0.7989105931769376,0.6651549740082159,0.7974340870404094,0.999243518693236,912574,227584,231814,300617920
SR010-TR1-183-247,SR010,4,2D,fas,0.9484719402560708,0.9019939424983535,0.9251907097312764,0.999906625972039,1010769,28096,81729,300869280
SR010-TR1-1875-1939,SR010,4,3D,epi,0.9560976848342524,0.9158880777867094,0.9407571256645796,0.999701648172893,3087706,89120,194444,298618620
SR010-TR1-1875-1939,SR010,4,3D,fas,0.9251043888191745,0.8606457959232914,0.9339181363105854,0.999719119978547,927419,84544,65622,300912300
SR010-TR1-1875-1939,SR010,4,2D,epi,0.9560695332766067,0.9158364122444308,0.9508386271194187,0.9995800577514329,3120795,125440,161355,298582300
SR010-TR1-1875-1939,SR010,4,2D,fas,0.9142810332866574,0.8420973210538477,0.8991370950444141,0.9997765292109352,892880,67264,100161,300929570
SR010-TR1-619-683,SR010,4,3D,epi,0.936392650619123,0.8803931743835681,0.9022416475462409,0.9999126976624347,955150,26272,103491,300904960
SR010-TR1-619-683,SR010,4,3D,fas,0.9613974161767342,0.925664379379525,0.9885947252383269,0.9998255609708395,764073,52544,8815,301164450
SR010-TR1-619-683,SR010,4,2D,epi,0.9387892610815559,0.8846398049442501,0.9383879898851452,0.9997862634524926,993416,64320,65225,300866900
SR010-TR1-619-683,SR010,4,2D,fas,0.9583053641158527,0.9199484485225199,0.9651217252693792,0.9998740044519135,745931,37952,26957,301179040
SR010-TR1-939-1003,SR010,4,3D,epi,0.9058520952828071,0.827906438770675,0.8596205773082451,0.9998685793946925,887572,39552,144944,300917820
SR010-TR1-939-1003,SR010,4,3D,fas,0.9384011614691238,0.8839508177757213,0.9526134467481157,0.9997848288750352,794693,64800,39531,301090850
SR010-TR1-939-1003,SR010,4,2D,epi,0.915828927080499,0.8447273220584245,0.9046009940766051,0.9997568293589367,934015,73184,98501,300884200
SR010-TR1-939-1003,SR010,4,2D,fas,0.9256737979415723,0.8616319663133649,0.9183480695832295,0.9998176623960556,766108,54912,68116,301100740
SR011-CL1-2300-2364,SR011,5,3D,epi,0.9618635028089384,0.9265289346935601,0.9455191766589639,0.9976878762328685,28945570,627456,1667844,270749020
SR011-CL1-2300-2364,SR011,5,3D,fas,0.8872962538140327,0.7974236240827196,0.931724308840251,0.9982100983173563,2958889,534848,216824,298279330
SR011-CL1-2300-2364,SR011,5,2D,epi,0.9186489752198729,0.8495381741619594,0.8662328873218779,0.9977831534995222,26518346,601600,4095068,270774880
SR011-CL1-2300-2364,SR011,5,2D,fas,0.6872495079827076,0.5235187586382978,0.8794012557180073,0.9927753896120377,2792726,2158816,382987,296655360
SR011-CL1-2850-2914,SR011,5,3D,epi,0.9781412912557986,0.9572177473125139,0.9661947783193471,0.9994824228742366,15260890,148128,533948,286046900
SR011-CL1-2850-2914,SR011,5,3D,fas,0.9383867376632682,0.8839252211278634,0.9736672170863909,0.99917757607050806,2362733,246368,63900,299316900
SR011-CL1-2850-2914,SR011,5,2D,epi,0.961285041664352,0.9254560492751898,0.9350951874276899,0.9994251752271796,14769677,164512,1025161,286030530
SR011-CL1-2850-2914,SR011,5,2D,fas,0.8641930060555761,0.7608625502951093,0.9590440746499368,0.997890048360536,2327248,632064,99385,298931200
SR011-CL1-7000-7064,SR011,5,3D,epi,0.8942330220445688,0.8086993370863816,0.9432193780153499,0.9942275087539122,9553289,1684768,575096,290176740
SR011-CL1-7000-7064,SR011,5,3D,fas,0.935692107437688,0.8791554718109038,0.9066773467035699,0.998761745776527,10418264,359712,1072333,290139600
SR011-CL1-7000-7064,SR011,5,2D,epi,0.8908400521328859,0.8031664448810546,0.9050086464920123,0.9955996660991463,9166276,1284288,962109,290577200
SR011-CL1-7000-7064,SR011,5,2D,fas,0.9356078269669004,0.8790066769288482,0.9164380231940952,0.9983156173533382,10530420,489312,960177,290010000
SR011-CL2-4040-4104,SR011,5,3D,epi,0.9531588406175697,0.9105095191135519,0.9813839434822598,0.9981456115211953,6896078,546976,130813,294416030
SR011-CL2-4040-4104,SR011,5,3D,fas,0.936092220774673,0.8798621826567322,0.8984747697437148,0.9997393350455784,3302707,77760,373197,298236220
SR011-CL2-4040-4104,SR011,5,2D,epi,0.9264385860869443,0.862958163436725,0.9583946869248434,0.9973653646480837,6734535,777120,292356,294185900
SR011-CL2-4040-4104,SR011,5,2D,fas,0.8825800893980627,0.7898374469832293,0.8121906883313601,0.9996512667649617,2985535,104032,690369,298209950
SR011-CR1-1850-1914,SR011,5,3D,epi,0.969158055509,0.9401616423238796,0.9532401568922976,0.9975849980994739,42582824,621424,2088840,256696800
SR011-CR1-1850-1914,SR011,5,3D,fas,0.8856421883510837,0.7947556692231539,0.9673292088540835,0.9982719682026769,2306404,517728,77897,299087870
SR011-CR1-1850-1914,SR011,5,2D,epi,0.922765413031228,0.856605816591719,0.8703094650783548,0.9972227384442501,38878172,714640,5793492,256603580
SR011-CR1-1850-1914,SR011,5,2D,fas,0.5635929071815545,0.3923629380551867,0.9116910994039763,0.9894666855359179,2173746,3155840,210555,296449760
SR011-CR1-6100-6164,SR011,5,3D,epi,0.9240435684057415,0.8588113247639352,0.9135509360092247,0.9975315140209917,10286082,717664,973369,290012770
SR011-CR1-6100-6164,SR011,5,3D,fas,0.9507949785817521,0.9062051354810794,0.9324331823534884,0.9993790430072654,5914433,183584,428577,295463300
SR011-CR1-6100-6164,SR011,5,2D,epi,0.9133994992303025,0.8406028697605906,0.8828482845211547,0.9980536747105487,9940387,565856,1319064,290164580
SR011-CR1-6100-6164,SR011,5,2D,fas,0.9444136489880086,0.8946815654471076,0.9288224360358883,0.9991812935700948,5891530,242048,451480,295404830
SR011-CR1-6780-6844,SR011,5,3D,epi,0.940137353630062,0.8870369729983986,0.963626578361369,0.9970320844218423,9670462,866496,365025,291087900
SR011-CR1-6780-6844,SR011,5,3D,fas,0.955587338124523,0.9149518892355746,0.9367348599015564,0.9989708311892317,11721886,297920,791672,289178400
SR011-CR1-6780-6844,SR011,5,2D,epi,0.9200483490989719,0.8519347586823491,0.8931095222384324,0.9983386994908973,8962789,485024,1072698,291469380
SR011-CR1-6780-6844,SR011,5,2D,fas,0.9626417351611714,0.9279742281811715,0.9676799356346133,0.998150370321823,12109119,535424,404439,288940900
SR011-TL1-4428-4492,SR011,5,3D,epi,0.9434234304658267,0.8929058789196566,0.9074523900030493,0.9998960259068782,1737902,31200,177242,300043550
SR011-TL1-4428-4492,SR011,5,3D,fas,0.9715459903583901,0.9446664423010507,0.98337497112382255,0.999911115896906,642786,26784,10867,301309440
SR011-TL1-4428-4492,SR011,5,2D,epi,0.9295773555834992,0.868420862014015,0.8764160815061426,0.9999412413077658,1678463,17632,236681,300057120
SR011-TL1-4428-4492,SR011,5,2D,fas,0.9760073961646865,0.9531391071664964,0.9803427812616174,0.9999380890898926,640804,18656,12849,301317570
SR011-TL1-5500-5564,SR011,5,3D,epi,0.9506118489306585,0.9058724819429032,0.9281723751221009,0.9998000243319753,2258649,59904,174788,299496540
SR011-TL1-5500-5564,SR011,5,3D,fas,0.9494872663756982,0.9038322297150436,0.9159652782941636,0.9999682418629615,652857,9568,59896,301267550
SR011-TL1-5500-5564,SR011,5,2D,epi,0.9486205688079848,0.9022628184122585,0.9199058779824586,0.9998411518064355,2238533,47584,194904,299508860
SR011-TL1-5500-5564,SR011,5,2D,fas,0.9463457870861405,0.8981559372016749,0.933237741545809,0.999907593381137,665168,27840,47585,301249280
SR011-TL1-6164-6228,SR011,5,3D,epi,0.9582412471293853,0.9198302817124473,0.9295664726227332,0.999907217167539,2439320,27776,184828,299337950
SR011-TL1-6164-6228,SR011,5,3D,fas,0.9676850245523244,0.9373931867380654,0.9597886190242878,0.9999456230476288,658200,16384,27576,301287740
SR011-TL1-6164-6228,SR011,5,2D,epi,0.9552113901153344,0.9142628289379804,0.9277864663121135,0.9998703391940846,2434649,38816,189499,299326900
SR011-TL1-6164-6228,SR011,5,2D,fas,0.9629253677584132,0.9285015155342258,0.9434057184853363,0.9999634654856107,646965,11008,38811,301293120
SR011-TL1-6700-6764,SR011,5,3D,epi,0.9573971016729749,0.9182758874056722,0.9241890217568499,0.9999214887860554,3361842,23424,275771,298328860
SR011-TL1-6700-6764,SR011,5,3D,fas,0.9227241040534689,0.8565346236051559,0.965423417192077,0.9997145296711055,653219,86016,23395,301227260
SR011-TL1-6700-6764,SR011,5,2D,epi,0.9574979433532663,0.9184614430719803,0.9325362538565812,0.9998131604717329,3392206,55744,245407,298296540
SR011-TL1-6700-6764,SR011,5,2D,fas,0.9202992095875123,0.8523650420186524,0.9177108366069872,0.999827846945952,620936,51872,55678,301261400
SR011-TL1-7148-7212,SR011,5,3D,epi,0.9632226137108101,0.9290544204077932,0.958971719624022,0.999090988318538,7950543,266976,340153,293432220
SR011-TL1-7148-7212,SR011,5,3D,fas,0.9267484604403946,0.8634960456899726,0.8923721129533688,0.9998770554917908,987134,36992,119057,300846720
SR011-TL1-7148-7212,SR011,5,2D,epi,0.9553324108492383,0.9144845889455167,0.9327189176879721,0.9994371384285499,7732889,165312,557807,293533900
SR011-TL1-7148-7212,SR011,5,2D,fas,0.9165136392677261,0.8458931025659618,0.9174925487551426,0.9996888100077681,1014922,93632,91269,300790080
SR011-TL1-7268-7332,SR011,5,3D,epi,0.977893911949197,0.9567440438732534,0.9776430501189137,0.9991986354832976,10447821,233440,238923,291069700
SR011-TL1-7268-7332,SR011,5,3D,fas,0.9384613224090701,0.8840575875566086,0.9152544918910035,0.9998672597150892,1035799,39936,95907,300818240
SR011-TL1-7268-7332,SR011,5,2D,epi,0.9601902672921686,0.9234288130691748,0.9346439851090286,0.9995544435135012,9988301,129792,698443,291173340
SR011-TL1-7268-7332,SR011,5,2D,fas,0.9070117762406765,0.829845881706774,0.9318701146764266,0.9995375362509676,1054603,139136,77103,300719040
SR011-TL1-7428-7492,SR011,5,3D,epi,0.9169987662963127,0.8467199646304435,0.8781858088225206,0.9977552971334405,15106612,639264,2095456,284148540
SR011-TL1-7428-7492,SR011,5,3D,fas,0.9090278906123676,0.8332274333966329,0.8585097536815494,0.999864184969853,1155294,40832,190403,300603360
SR011-TL1-7428-7492,SR011,5,2D,epi,0.8769927535943728,0.7809324084072787,0.8012865081105365,0.9984256629634136,13783785,448352,3418283,284339460
SR011-TL1-7428-7492,SR011,5,2D,fas,0.8951458869994312,0.8101937409350716,0.8630018495991296,0.9997082531366513,1161339,87712,184358,300556480
SR011-TL1-7492-7556,SR011,5,3D,epi,0.9334548773964576,0.8752136760213217,0.9065559868521635,0.9974010750115606,18524090,731744,1909386,280824670
SR011-TL1-7492-7556,SR011,5,3D,fas,0.8920346729045534,0.8051106393762704,0.8268000231802209,0.9998295987617333,1569407,51136,328763,300040580
SR011-TL1-7492-7556,SR011,5,2D,epi,0.8816787295659525,0.7883948493832651,0.8037949098821953,0.9985823942296523,16424324,399136,4009152,281157280
SR011-TL1-7492-7556,SR011,5,2D,fas,0.8887685962037065,0.799805146945462,0.8472397098257796,0.9996248613540535,1608205,112576,289965,299979140
SR011-TL1-7556-7620,SR011,5,3D,epi,0.9261332243452827,0.8624284178832481,0.9138253475747498,0.9956260966659082,18869130,1230560,1779378,280110820
SR011-TL1-7556-7620,SR011,5,3D,fas,0.9081353076480969,0.8317287975417095,0.8677386599696152,0.9996268924681528,2238974,111712,341266,299297950
SR011-TL1-7556-7620,SR011,5,2D,epi,0.8714033496098061,0.7721122947764666,0.7957974009550715,0.9977486141409316,16432029,633408,4216479,280707970
SR011-TL1-7556-7620,SR011,5,2D,fas,0.8974672455452979,0.8140050641753253,0.8671565435773416,0.999437292704584,2237472,168480,342768,299241180
SR011-TL1-7620-7684,SR011,5,3D,epi,0.9115111628084513,0.8374097479587166,0.9141028474855691,0.9932089753889097,19056324,1909248,1790700,279233600
SR011-TL1-7620-7684,SR011,5,3D,fas,0.8517728248114572,0.741815594698491,0.779760195965568,0.9996465158612604,1616138,106016,456471,299811260
SR011-TL1-7620-7684,SR011,5,2D,epi,0.8375861616238462,0.7205576310016415,0.750975103208976,0.9968698048207891,15655596,880032,5191428,280262820
SR011-TL1-7620-7684,SR011,5,2D,fas,0.8488655191801306,0.7374164646475931,0.7961988971388235,0.9994491280989095,1650209,165216,422400,299752060
SR011-TL1-7684-7748,SR011,5,3D,epi,0.8824125385979208,0.7895691112093208,0.9031012809988281,0.9905262574665785,16858188,2684128,1808808,280638750
SR011-TL1-7684-7748,SR011,5,3D,fas,0.8827165089551832,0.7900559849226084,0.8126255835816923,0.9998334127567059,1422766,50016,328060,300189060
SR011-TL1-7684-7748,SR011,5,2D,epi,0.8131074247915545,0.6850724671933804,0.708082275262715,0.99778706185377,13217769,626976,5449227,282695900
SR011-TL1-7684-7748,SR011,5,2D,fas,0.8854766100675682,0.7944890327705463,0.8477518611215507,0.9996090582159932,1484266,117376,266560,300121700
SR011-TL1-7748-7812,SR011,5,3D,epi,0.8662923208147699,0.7641231833565374,0.9217677389883039,0.988041906633056,15250709,3413376,1294358,282031460
SR011-TL1-7748-7812,SR011,5,3D,fas,0.8739023954640351,0.7760449821968561,0.8316835242329306,0.9996949089635936,1064258,91744,215385,300618500
SR011-TL1-7748-7812,SR011,5,2D,epi,0.7890783385013801,0.6516345058398142,0.6998183204697811,0.9957140860059431,11578541,1223392,4966526,284221440
SR011-TL1-7748-7812,SR011,5,2D,fas,0.8667462550021348,0.7648298175302015,0.8558699574803285,0.9994934658693365,1095208,152320,184435,300557920
SR011-TL1-7812-7876,SR011,5,3D,epi,0.895289837016676,0.8104296194749416,0.9241756903645866,0.9927804556006696,13653743,2073568,1120226,285142340
SR011-TL1-7812-7876,SR011,5,3D,fas,0.8568040736564598,0.7494813915204442,0.7713490561743688,0.9998656579408998,1067625,40384,316476,300565400
SR011-TL1-7812-7876,SR011,5,2D,epi,0.8307512803726947,0.7105000556575288,0.7547548664817152,0.9967960548591348,11150725,920224,3623244,286295680
SR011-TL1-7812-7876,SR011,5,2D,fas,0.8639319717980233,0.7604579570515195,0.8054491688106576,0.9997275900755443,1114823,81888,269278,300523900
